-- phpMyAdmin SQL Dump
-- version 5.2.0
-- https://www.phpmyadmin.net/
--
-- Host: 127.0.0.1
-- Tempo de geração: 06/03/2023 às 19:47
-- Versão do servidor: 10.4.27-MariaDB
-- Versão do PHP: 8.1.12

SET SQL_MODE = "NO_AUTO_VALUE_ON_ZERO";
START TRANSACTION;
SET time_zone = "+00:00";


/*!40101 SET @OLD_CHARACTER_SET_CLIENT=@@CHARACTER_SET_CLIENT */;
/*!40101 SET @OLD_CHARACTER_SET_RESULTS=@@CHARACTER_SET_RESULTS */;
/*!40101 SET @OLD_COLLATION_CONNECTION=@@COLLATION_CONNECTION */;
/*!40101 SET NAMES utf8mb4 */;

--
-- Banco de dados: `suporte`
--

-- --------------------------------------------------------

--
-- Estrutura para tabela `arquivos`
--

CREATE TABLE `arquivos` (
  `id` int(11) NOT NULL,
  `nome` varchar(50) NOT NULL,
  `descricao` varchar(500) DEFAULT NULL,
  `arquivo` varchar(100) NOT NULL,
  `data_cad` date NOT NULL,
  `registro` varchar(25) NOT NULL,
  `id_reg` int(11) NOT NULL,
  `usuario` int(11) NOT NULL
) ENGINE=InnoDB DEFAULT CHARSET=utf8 COLLATE=utf8_general_ci;

-- --------------------------------------------------------

--
-- Estrutura para tabela `bairros`
--

CREATE TABLE `bairros` (
  `id` int(11) NOT NULL,
  `nome` varchar(50) NOT NULL,
  `cidade` int(11) NOT NULL,
  `ativo` varchar(5) NOT NULL
) ENGINE=InnoDB DEFAULT CHARSET=utf8 COLLATE=utf8_general_ci;

--
-- Despejando dados para a tabela `bairros`
--

INSERT INTO `bairros` (`id`, `nome`, `cidade`, `ativo`) VALUES
(1, 'Centro', 1, 'Sim'),
(2, '31 de Março', 1, 'Sim'),
(3, 'Aeroporto', 1, 'Sim'),
(4, 'Aparecida', 1, 'Sim'),
(5, 'Bairro dos Estados', 1, 'Sim'),
(6, 'São Francisco', 1, 'Sim'),
(7, '43 de Setembro', 1, 'Sim'),
(8, 'Calungá', 1, 'Sim'),
(9, 'Governador Aquilino Mota', 1, 'Sim'),
(10, 'São Vicente', 1, 'Sim'),
(11, 'Marechal Rondon', 1, 'Sim'),
(12, 'Caçari', 1, 'Sim'),
(13, 'Canarinho', 1, 'Sim'),
(14, 'Paraviana', 1, 'Sim'),
(15, 'São Pedro', 1, 'Sim'),
(16, 'Asa Branca', 1, 'Sim'),
(17, 'Alvorada', 1, 'Sim'),
(18, 'Professora Araceli Souto Maior', 1, 'Sim'),
(19, 'Bela Vista', 1, 'Sim'),
(20, 'Buritis', 1, 'Sim'),
(21, 'Caimbé', 1, 'Sim'),
(22, 'Cambará', 1, 'Sim'),
(23, 'Caranã', 1, 'Sim'),
(24, 'Centenário', 1, 'Sim'),
(25, 'Cinturão Verde', 1, 'Sim'),
(26, 'Jardim Equatorial', 1, 'Sim'),
(27, 'Senador Hélio Campos', 1, 'Sim'),
(28, 'Jardim Caranã', 1, 'Sim'),
(29, 'Jardim Primavera', 1, 'Sim'),
(30, 'Jardim Floresta', 1, 'Sim'),
(31, 'Jardim Tropical', 1, 'Sim'),
(32, 'Jóquei Clube', 1, 'Sim'),
(33, 'Liberdade', 1, 'Sim'),
(34, 'Murilo Teixeira', 1, 'Sim'),
(35, 'Mecejana', 1, 'Sim'),
(36, 'Nova Canaã', 1, 'Sim'),
(37, 'Nova Cidade', 1, 'Sim'),
(38, 'Operário', 1, 'Sim'),
(39, 'Pintolândia', 1, 'Sim'),
(40, 'Piscicultura', 1, 'Sim'),
(41, 'Pricumã', 1, 'Sim'),
(42, 'Raiar do Sol', 1, 'Sim'),
(43, 'Doutor Aírton Rocha', 1, 'Sim'),
(44, 'Doutor Silvio Botelho', 1, 'Sim'),
(45, 'Doutor Silvio Leite', 1, 'Sim'),
(46, 'Santa Luzia', 1, 'Sim'),
(47, 'Santa Tereza', 1, 'Sim'),
(48, 'Tancredo Neves', 1, 'Sim'),
(49, 'União', 1, 'Sim'),
(50, 'Olímpico', 1, 'Sim'),
(51, 'Laura Moreira', 1, 'Sim'),
(52, 'São Bento', 1, 'Sim'),
(53, 'Cidade Satélite', 1, 'Sim'),
(54, 'Sede', 2, 'Sim'),
(55, 'Sede', 3, 'Sim'),
(56, 'Sede', 4, 'Sim'),
(57, 'Sede', 5, 'Sim'),
(58, 'Sede', 6, 'Sim'),
(59, 'Sede', 7, 'Sim'),
(60, 'Sede', 8, 'Sim'),
(61, 'Sede', 9, 'Sim'),
(62, 'Sede', 10, 'Sim'),
(63, 'Sede', 11, 'Sim'),
(64, 'Sede', 12, 'Sim'),
(65, 'Sede', 13, 'Sim'),
(66, 'Sede', 14, 'Sim'),
(67, 'Sede', 15, 'Sim');

-- --------------------------------------------------------

--
-- Estrutura para tabela `cargos`
--

CREATE TABLE `cargos` (
  `id` int(11) NOT NULL,
  `nome` varchar(30) NOT NULL
) ENGINE=InnoDB DEFAULT CHARSET=utf8 COLLATE=utf8_general_ci;

--
-- Despejando dados para a tabela `cargos`
--

INSERT INTO `cargos` (`id`, `nome`) VALUES
(4, 'Gerente'),
(5, 'Técnico'),
(6, 'Usuarios');

-- --------------------------------------------------------

--
-- Estrutura para tabela `cidades`
--

CREATE TABLE `cidades` (
  `id` int(11) NOT NULL,
  `nome` varchar(50) NOT NULL,
  `ativo` varchar(3) NOT NULL
) ENGINE=InnoDB DEFAULT CHARSET=utf8 COLLATE=utf8_general_ci;

--
-- Despejando dados para a tabela `cidades`
--

INSERT INTO `cidades` (`id`, `nome`, `ativo`) VALUES
(1, 'Boa Vista', 'Sim'),
(2, 'Alto Alegre', 'Sim'),
(3, 'Amajari', 'Sim'),
(4, 'Bonfim', 'Sim'),
(5, 'Cantá', 'Sim'),
(6, 'Caracaraí', 'Sim'),
(7, 'Caroebe', 'Sim'),
(8, 'Iracema', 'Sim'),
(9, 'Mucajai', 'Sim'),
(10, 'Normandia', 'Sim'),
(11, 'Pacaraima', 'Sim'),
(12, 'Rorainópolis', 'Sim'),
(13, 'São João da Baliza', 'Sim'),
(14, 'São Luiz', 'Sim'),
(15, 'Uiramutã', 'Sim');

-- --------------------------------------------------------

--
-- Estrutura para tabela `config`
--

CREATE TABLE `config` (
  `id` int(11) NOT NULL,
  `nome` varchar(50) NOT NULL,
  `telefone` varchar(20) NOT NULL,
  `telefone_fixo` varchar(20) DEFAULT NULL,
  `email` varchar(50) NOT NULL,
  `endereco` varchar(100) NOT NULL,
  `relatorio` varchar(10) NOT NULL,
  `logo` varchar(100) NOT NULL,
  `favicon` varchar(100) NOT NULL,
  `logo_rel` varchar(100) NOT NULL,
  `comissao_venda_corretor` decimal(10,2) NOT NULL,
  `assinatura` varchar(100) NOT NULL,
  `cidade` varchar(50) DEFAULT NULL,
  `logs` varchar(5) NOT NULL
) ENGINE=InnoDB DEFAULT CHARSET=utf8 COLLATE=utf8_general_ci;

--
-- Despejando dados para a tabela `config`
--

INSERT INTO `config` (`id`, `nome`, `telefone`, `telefone_fixo`, `email`, `endereco`, `relatorio`, `logo`, `favicon`, `logo_rel`, `comissao_venda_corretor`, `assinatura`, `cidade`, `logs`) VALUES
(0, 'LUCK-NTI', '95991563531', '', 'aprendendorr@gmail.com', '', 'pdf', 'logo.png', 'favicon.ico', 'logo.jpg', '2.00', 'sem-assinatura.jpg', '', 'Sim');

-- --------------------------------------------------------

--
-- Estrutura para tabela `funcionarios`
--

CREATE TABLE `funcionarios` (
  `id` int(11) NOT NULL,
  `nome` varchar(50) NOT NULL,
  `cpf` varchar(20) NOT NULL,
  `telefone` varchar(20) NOT NULL,
  `email` varchar(50) NOT NULL,
  `endereco` varchar(100) DEFAULT NULL,
  `data_admissao` date NOT NULL,
  `cargo` int(11) NOT NULL,
  `ativo` varchar(5) NOT NULL,
  `setor` int(11) DEFAULT NULL,
  `foto` varchar(100) NOT NULL,
  `obs` varchar(1000) DEFAULT NULL,
  `rede` int(11) DEFAULT NULL,
  `redesocial` varchar(150) DEFAULT NULL
) ENGINE=InnoDB DEFAULT CHARSET=utf8 COLLATE=utf8_general_ci;

--
-- Despejando dados para a tabela `funcionarios`
--

INSERT INTO `funcionarios` (`id`, `nome`, `cpf`, `telefone`, `email`, `endereco`, `data_admissao`, `cargo`, `ativo`, `setor`, `foto`, `obs`, `rede`, `redesocial`) VALUES
(1, 'CHARLES', '01807300293', '(95) 99113-9073', 'charles@setrabes.com', '', '2022-05-17', 5, 'Sim', 8, '02-08-2022-09-49-52-charles.jpg', '', 0, ''),
(2, 'MARCUS VINICIUS DE SOUSA CARVALHO', '70117562130', '(95) 99137-8869', 'vinivinicius857@gmail.com', '', '2022-06-13', 5, 'Sim', 8, '08-08-2022-12-56-20-marcus.jpg', '', 0, ''),
(3, 'ALESSANDRA PEREIRA PALHETA', '61126560278', '(95) 99145-3536', 'alessandra.palheta@setrabes.rr.gov.br', '', '2004-05-03', 4, 'Sim', 8, '04-08-2022-17-17-33-WhatsApp-Image-2022-08-04-at-17.17.11.jpeg', '', 0, ''),
(4, 'JOSAFÁ LIMA MESQUITA', '24174416249', '(95) 99167-9439', 'josafa@gmail.com', 'Bairro cinturão verde', '2022-07-28', 6, 'Sim', 1, '02-08-2022-10-42-51-josafa.jpg', '', 0, ''),
(5, 'EDILBERTO JOSE BEZERRA', '32332610200', '(95) 99164-0391', 'joseedilberto1970@yahoo.com', '', '2004-05-04', 5, 'Sim', 8, 'sem-perfil.jpg', '', 0, ''),
(7, 'DAIANA ROSS VERAS PEREIRA', '96155388253', '(95) 98118-3201', 'daina@setrabes.com', '', '2022-08-02', 6, 'Sim', 11, '18-08-2022-13-51-52-cristiane.jpg', '', 0, ''),
(12, 'YGHOR DE SOUZA CRUZ E SILVA', '01352367203', '', 'yghor@setrabes.com', '', '2022-08-02', 6, 'Sim', 12, 'sem-perfil.jpg', '', 0, ''),
(13, 'SORAYA HELENA CHACON BORGES JORGE', '383.131.972-34', '', 'soraya@setrabes.com', '', '2022-08-02', 6, 'Sim', 13, '18-08-2022-14-06-29-soraya.jpg', '', 0, ''),
(14, 'RUYDERLAN ARMANDO CONDE LESSA', '03204914257', '(95) 98102-5168', 'condelessa@gmail.com', 'Av Emilia da Silva Lavor, 1935 Carana', '2022-08-02', 5, 'Sim', 8, '08-08-2022-13-04-32-RUY.jpg', '', 0, ''),
(15, 'ABILIO OTILIO BEZERRA FILHO', '45642320459', '(95) 99173-4546', 'abilio@setrabes.com', '', '2022-08-02', 6, 'Sim', 21, '08-08-2022-16-45-21-abilio.jpg', '', 0, ''),
(16, 'CRISTIANE CARDOSO SILVA', '52527590225', '(95) 98118-3201', 'cristiane@setrabes.com', '', '2022-08-02', 6, 'Sim', 21, '18-08-2022-13-51-23-sem_foto_f.png', '', 0, ''),
(17, 'ANTONIO RAIMUNDO LOPES LEAL', '52078191353', '(95) 99127-6964', 'antonio.lopes.leall@gmail.com', 'rua guilherme brito, 721 - Liberdade', '2004-05-04', 6, 'Sim', 20, '08-08-2022-16-42-42-foto-antônio.jpg', '', 0, ''),
(18, 'ILMA PEREIRA DE OLIVEIRA', '72545127787', '(95) 98406-1370', 'ilma@setrabes.com', '', '2022-08-02', 6, 'Sim', 16, '18-08-2022-14-11-34-ilma.jpg', '', 0, ''),
(19, 'GABRIEL MACIEL FERNANDES SILVA', '03175675271', '(95) 99156-9228', 'gabriel100_vc@hotmail.com', 'RUA LOURIVAL SILVA, 1324 - TANCREDO NEVES', '2015-01-01', 6, 'Sim', 22, '04-08-2022-12-45-24-gabriel.jpg', '', 0, ''),
(20, 'RUDINEIA DOS SANTOS SILVA', '68012098253', '(95) 99133-5124', 'rudineiasantos6@gmail.com', '', '2022-08-02', 6, 'Sim', 24, '04-08-2022-12-44-28-rudneia.jpg', '', 0, ''),
(21, 'GEIZA I. P. DE OLIVEIRA RIBEIRO', '38334518234', '(95) 99152-5145', 'geiza@setrabes.com', '', '2004-05-04', 6, 'Sim', 24, '02-08-2022-10-40-28-geisa.jpg', '', 0, ''),
(22, 'ANDREA PIRES ARAUJO', '63040492004', '(95) 99143-4713', 'andreatrilegal@hotmail.com', '', '2004-05-04', 6, 'Sim', 18, '15-08-2022-11-12-16-andrea.jpg', '', 0, ''),
(24, 'kailane da silva castro ', '042.878.692-81', '(95) 99143-6092', 'kailanecastro2912@gmail.com', 'Travessa dos macuxis n° 3095 Jardim Equatorial ', '2021-05-04', 6, 'Sim', 1, '27-12-2022-12-37-56-WhatsApp-Image-2022-12-27-at-12.37.35-PM.jpeg', '', 0, ''),
(25, 'Dinha Francisca de Macedo', '53726162453', '(95) 99126-2106', 'dinhamacedo2000@yahoo.com.br', 'Rua opala 264 jóquei clube Boa Vista RR', '2022-08-05', 6, 'Sim', 25, '22-08-2022-10-58-10-dinha2.jpg', '', 0, ''),
(26, 'MARIA DOS REMÉDIOS GOMES DA SILVA', '51875071253', '(92) 99388-9794', 'mariazinha1128@gmail.com', 'RUA MESTRE ALBANO, 1732 - BURITIS', '2021-02-08', 6, 'Sim', 22, '19-01-2023-09-03-13-remedio.jpeg', '', 0, ''),
(27, 'MONICA THAYSA MARIDONIA PEREIRA VIANA', '03539277242', '(95) 99114-4147', 'monicathaysa09@gmail.com', 'RUA C-29, 175 - DOUTOR SILVIO LEITE', '2022-02-01', 6, 'Sim', 3, '19-08-2022-10-17-25-monica.jpg', '', 0, ''),
(28, 'Bruna Gabrielle Rodrigues Soares', '03637645262', '(95) 99151-5496', 'brunagabrielle36@hotmail.com', 'Rua Rio Grande do Norte, 958 - Bairro dos Estados', '2022-03-16', 6, 'Sim', 3, '08-08-2022-13-09-54-bruna.jpg', '', 0, ''),
(29, 'LARISSA ALMEIDA RAMOS ', '93215835215', '(95) 99124-6735', 'almeidalarissa642@gmail.com', 'AV RIO SAO FRANCISCO, 831 - JARDIM BELA VISTA', '2019-09-13', 6, 'Sim', 3, '19-08-2022-10-54-03-larissa.jpeg', '', 0, ''),
(30, 'NILMARA Suely da Silva Melo', '38290456204', '(95) 98406-4421', 'nilmara2216@gmail.com', 'Rua Ivone Pinheiro', '2021-01-01', 6, 'Sim', 28, '09-08-2022-10-05-03-nilmara.jpg', '', 0, ''),
(31, 'LAUANA DE OLIVEIRA MOURA ', '05550676290', '(95) 99137-3631', 'lauanaoliveira11@gmail.com', 'RUA RAIMUNDO PESSOA DE ALMEIDA 1496,ALVORADA ', '2022-05-02', 6, 'Sim', 22, '17-08-2022-15-53-21-lauana.jpeg', '', 0, ''),
(32, 'MARIANA DA SILVA MONTEIRO', '02479394204', '(95) 98120-4062', 'marianacaua2531@gmail.com', 'RUA MONTE SINAI, 438, ARACELIAS', '2019-02-27', 6, 'Sim', 6, '10-08-2022-12-09-35-mariana.jpg', '', 0, ''),
(33, 'MARA G DA SILVA VALLE', '65069528220', '(92) 98131-4669', 'mara.gizelly@gmail.com', 'Rua Alameda, Pátio Cauame', '2021-06-10', 6, 'Sim', 6, '09-08-2022-12-20-32-maragizelly.jpg', '', 0, ''),
(34, 'TUANNE LOBATO', '06318135278', '(95) 98100-5728', 'tuannelobato13@gmail.com', 'Tv. Dalicio Amorim, 111 - Jardim Floresta', '2022-02-01', 6, 'Sim', 6, '09-08-2022-12-16-04-tuane.jpg', '', 0, ''),
(35, 'Silmara Costa de Oliveira', '85704750206', '(95) 98414-5898', 'silmaracostarr@gmail.com', 'Rua Raio Solar, 509, Jóquei Clube', '2022-08-09', 6, 'Sim', 6, '19-08-2022-10-15-10-Silmara.jpeg', '', 0, ''),
(36, 'Priscila Rodrigues Melo', '00035951290', '(95) 99145-3324', 'priscilarmelo0@gmail.com', 'Centenário', '2022-07-06', 6, 'Sim', 6, '19-08-2022-10-13-15-Priscila.jpeg', '', 0, ''),
(37, 'ANA PAULA CARVALHO MARQUES', '00991001265', '(95) 99165-8567', 'pptorresrr@gmail.com', 'Rua Quintino Level, 293 - Mecejana', '2018-03-01', 6, 'Sim', 15, '09-08-2022-13-15-59-anapaula.jpg', '', 0, ''),
(38, 'ELENALDO SILVA DE SOUZA', '77737520287', '(95) 99163-7978', 'elenaldo.souza@bol.com.br', 'RUA FELIPE CAP STURM, 254 - MECEJANA', '2004-05-04', 6, 'Sim', 1, '09-08-2022-15-03-12-leno.jpg', '', 0, ''),
(39, 'CLECIA DO NASCIMENTO CRUZ', '03721481232', '(95) 99173-5208', 'cleciastiffler@gmail.com', 'Rua Aruanã, 258 - Santa Tereza', '2022-04-01', 6, 'Sim', 1, '09-08-2022-16-39-28-clecia.jpg', '', 0, ''),
(40, 'RITA DE CASSIA REIS', '44693478253', '(95) 99128-5403', 'cassiareisrr@gmail.com', 'MARIO HOMEM DE MELO 2310', '2004-05-04', 6, 'Sim', 13, '10-08-2022-09-46-36-rita.jpg', '', 0, ''),
(41, 'Marcelo Izidorio Bezerra', '00980969239', '(95) 99114-4964', 'marcelo_izidorio@outlook.com', 'Rua 01, n° 218 - Jardim Tropical', '2022-05-03', 6, 'Sim', 29, '17-08-2022-14-38-56-marcelo.jpg', '', 0, ''),
(42, 'NONANGHARA DOS SANTOS ARAÚJO', '89088433291', '(95) 98105-6987', 'nonanghara@hotmail.com', 'RUA RUI BARBOSA - 922 , MECEJANA', '2015-03-10', 6, 'Sim', 30, '10-08-2022-12-08-10-nona.jpg', '', 0, ''),
(43, 'Celia Mota de Carvalho', '60122474268', '(95) 99118-6927', 'celiadecarvalho@ig.com.br', 'Via das Flores 356 Pricumã', '2004-05-04', 6, 'Sim', 31, '10-08-2022-11-14-16-celia.jpg', '', 0, ''),
(44, 'VANDERLEIA ALENCAR SILVA', '96176709253', '(95) 99112-6347', 'derleiaalencar@gmail.com', 'Rua Salomão Matroniano de Souza Cruz, 348, Asa Branca', '0000-00-00', 6, 'Sim', 25, '10-08-2022-12-09-18-vanderleia.jpg', '', 0, ''),
(45, 'Denym Andrade Queiroz', '89972570134', '(95) 99115-8504', 'denymrr@hotmail.com', 'rua dos Taxis, 126 Pricumã', '2004-05-03', 5, 'Sim', 8, '10-08-2022-12-33-10-denis.jpg', '', 0, ''),
(46, 'EARLE ANDRE ROCCA', '71285572106', '(95) 99172-0683', 'earlelarocca1303@gmail.com', 'Av. Jael Barradas 1190', '2022-08-10', 6, 'Sim', 32, '10-08-2022-12-53-19-ROCCA.jpg', '', 0, ''),
(47, 'LUIZA YZANIRA SOUZA SANTOS', '03284761292', '(95) 99131-6067', 'lhuizadias@icloud.com', 'RUA BONFIM, 881 DR AIRTON ROCHA', '2022-04-01', 6, 'Sim', 35, '11-08-2022-10-48-01-luiza-.jpg', '', 0, ''),
(48, 'CLERES ALVARENGA CAVALCANTE', '44713746215', '(95) 99129-4625', 'cleres.setrabes@gmail.com', 'Av. Mario Homem de Melo, s/n - Mecejana', '2022-08-11', 6, 'Sim', 33, '11-08-2022-09-47-09-CLERES.jpg', '', 0, ''),
(49, 'GUILHERME DOS SANTOS UCHÔA', '02678876209', '(95) 98121-6443', 'guilherme_dsu@hotmail.com', 'RUA MONTE SINAI 438 B: ARACELIS', '2019-02-12', 6, 'Sim', 35, '11-08-2022-10-53-54-187049518_516149692873648_2974332264845855299_n.jpg', '', 0, ''),
(50, 'VANIA LIBERATO DA SILVA ', '65764498287', '(98) 42261-64', 'vanialiberato@gmail.com', 'AV GETULIO VARGAS, 7728 - SÃO VICENTE ', '2021-01-11', 6, 'Sim', 23, '11-08-2022-11-18-33-294764482_1729173760767835_694249608038562160_n.jpg', '', 0, ''),
(51, 'HELAYNE MACEDO', '44631928204', '(95) 99115-8038', 'hppatricia5@gmail.com', 'Avenida Rio de Janeiro', '2022-08-11', 6, 'Sim', 33, '11-08-2022-11-17-18-257524786_593872361928745_5664422350266839470_n.jpg', '', 0, ''),
(52, 'LUZIANE BRAGA FERREIRA', '59551844220', '(95) 99115-4670', 'luizy.ferreira77@gmail.com', 'Rua Horacio  Magalhaes, 2237, tancredo neves', '2022-08-11', 6, 'Sim', 5, '16-08-2022-09-10-39-LUZIANE.jpg', '', 0, ''),
(53, 'FRANCISCA AURICELIA BARBOSA DE SOUSA', '06712687322', '(95) 99157-1373', 'auricelianoite@hotmail.com', 'RUA EGITO, 710 - Cauamé', '2022-08-09', 6, 'Sim', 34, '16-08-2022-13-47-16-franscisca.jpeg', '', 0, ''),
(54, 'Rita Maria Martins de Oliveira ', '50882678272', '(95) 99117-2659', 'ritamariamartinsdeoliveira@gmail.com', 'Rua Rondônia no 898', '2022-08-15', 6, 'Sim', 2, '15-08-2022-11-20-55-rita_.jpg', '', 0, ''),
(55, 'Rose Souza e Silva', '40636313204', '(95) 98401-0389', 'rose.silva@setrabes.rr.gov.br', 'Rua João Padilha, 433. Caimbe', '2021-01-01', 6, 'Sim', 15, '16-08-2022-09-02-15-ROSE.jpg', '', 0, ''),
(56, 'Magdiel Sousa Silva', '69354570259', '(95) 99119-4091', 'magdiel.silva@setrabes.rr.gov.br', 'Avenida Mário Homem de Melo,2310 -Mecejana ', '2004-05-03', 6, 'Sim', 15, '16-08-2022-09-56-05-242458532_1417626695300465_1455442367051028746_n.jpg', '', 0, ''),
(57, 'Alessandra Sinopolis Malacarne', '62891090900', '(95) 98111-7829', 'ceas_rr@hotmail.com', 'Av. Mario Homem de Melo, 2310 ', '2022-08-15', 6, 'Sim', 16, '16-08-2022-08-55-48-MALACARTE.jpg', '', 0, ''),
(58, 'Raquel Maria de Sousa Amaral ', '59462671249', '(95) 99121-4573', 'kel.amaral@hotmail.com', 'Av. Mário Homem de Melo, Mecejana', '2022-08-15', 6, 'Sim', 7, '16-08-2022-09-03-33-RAQUEL.jpg', '', 0, ''),
(59, 'Ingridy Shirley Castro Morais ', '76508455249', '(95) 99161-7095', 'ingridyshirley49@gmail.com', 'Avenida Mario homem de melo 2310 mecejana ', '2022-08-15', 6, 'Sim', 7, '16-08-2022-11-26-40-ingridi.jpg', '', 0, ''),
(60, 'Hilgnner Franswagner de Melo Santos Maciel ', '60588551288', '(95) 99155-5038', 'mrfranswagner@gmail.com', 'Rua Raimundo Alves de Souza, 861, Sen. Helio Campos', '2022-01-17', 6, 'Sim', 9, '16-08-2022-08-58-19-Hilgnner.jpg', '', 0, ''),
(61, 'CYNIRA MENEZES CORREIA', '60588551287', '(95) 99905-4891', 'cyniracorreia23@gmail.com', 'DAVID RAMALHO873', '2021-09-01', 6, 'Sim', 23, '18-08-2022-13-37-27-cynira.jpeg', '', 0, ''),
(62, 'PAULO HENRIQUE NASCIMENTO PEREIRA', '01885172273', '(95) 99123-1978', 'paulo2_pl@hotmail.com', 'AV ROMA 314 CENTENARIO', '2022-08-16', 6, 'Sim', 2, '16-08-2022-09-18-11-PAULO.jpg', '', 0, ''),
(63, 'Aldevan Reis Dias', '67942172287', '(95) 98102-0077', 'casadepassagemrr@gmail.com', 'Av: Nossa Sra Consata, 2842, São Vicente ', '2022-08-02', 6, 'Sim', 36, '16-08-2022-09-15-23-Aldevan.jpg', '', 0, ''),
(64, 'Ester Ayumi Yamagute da Trindade ', '04071063246', '(95) 99150-1135', 'esterayumi28@gmail.com', 'Avenida Manoel Felipe,1301, Asa Branca ', '2022-08-16', 6, 'Sim', 37, '16-08-2022-11-11-42-Ester.jpg', '', 0, ''),
(65, 'Natasha Karoline pinheiro Villarroel ', '03388692203', '(95) 99116-6176', 'natashaptrabalho@gmail.com', 'Rua prof domar mesquita 52 Caçari ', '2022-08-16', 6, 'Sim', 37, '19-08-2022-11-06-48-natashav.jpg', '', 0, ''),
(66, 'HERBERTO DE MIRANDA ODILAIR', '32336250225', '(95) 99114-1601', 'h.odilair@gmail.com', 'Av. Teresa Maciel, 61', '2022-08-16', 6, 'Sim', 7, '16-08-2022-11-06-21-herberto.jpg', '', 0, ''),
(67, 'Francineide Bezerra Pereira', '74639803249', '(95) 99168-4114', 'francybezerrabb@gmail.com', 'alameda platao 311 aparecida alfhavile', '2022-08-16', 6, 'Sim', 6, '16-08-2022-12-31-52-FRANCI.jpg', '', 0, ''),
(69, 'CARMINA JHULLY SOUSA SANTOS', '01277509247', '(95) 99147-8290', 'carmina_jhully@hotmail.com', 'JOSÉ RENATO HADAD, 1527, PINTOLANDIA', '2022-08-17', 6, 'Sim', 6, '17-08-2022-13-25-56-CARMINA.jpg', '', 0, ''),
(70, 'ELZELITA MARIANO DOS SANTOS', '71933603291', '(95) 99134-6685', 'marianoelzelita@gmail.com', 'Rua Pavao 208 Mecejana ', '2022-08-17', 6, 'Sim', 38, '18-08-2022-11-21-31-lita.jpg', '', 0, ''),
(71, 'Ane Serra Baú', '18865232234', '(95) 98410-6598', 'ane_peti@yahoo.com.br', 'rua peixe boi 84 Santa Tereza', '2022-08-18', 6, 'Sim', 13, '18-08-2022-10-27-46-aneserra.jpg', '', 0, ''),
(72, 'Gabriel Fortes Normanton', '34067328877', '(95) 98101-3297', 'gabrielfnormanton@gmail.com', 'Rua Nicolau Horstman n 196 casa 2 mecejana ', '2022-08-18', 6, 'Sim', 13, '18-08-2022-11-24-44-gabrielpt.jpg', '', 0, ''),
(73, 'LIDIA TORREIAS', '51251256287', '(95) 99118-6834', 'torreias@hotmail.com', 'RUA 13 DE MAIO ', '2004-05-24', 6, 'Sim', 3, '18-08-2022-13-23-13-lidiatorreias.jpg', '', 0, ''),
(74, 'Lucineide Maria Rodrigues Rocha', '26088223200', '(95) 99113-5461', 'lurocha33@yahoo.com.br', 'AV. Galeão 195 aeroporto', '2004-04-28', 6, 'Sim', 28, '19-08-2022-10-51-11-lucileide.jpg', '', 0, ''),
(75, 'KATYANNE LEMOS DE ALMEIDA', '60697776204', '(95) 99116-9587', 'katyannelemos@hotmail.com', 'Rua Soldado Pm Damião Gentil Góes, 273, Casa', '2019-01-02', 6, 'Sim', 2, '19-08-2022-11-03-39-kaytianne.jpg', '', 0, ''),
(76, 'Elisabete Lopes da Costa', '42194180400', '(95) 98109-6330', 'bete97lopes@gmail.com', 'Mario Homem de Melo, 45 pricuma', '2022-08-22', 6, 'Sim', 2, '22-08-2022-11-08-55-bete.jpg', '', 0, ''),
(77, 'Alessandra Nathalye', '44635800210', '(95) 98123-3844', 'alessandranathalye@hotmail.com', 'Rua. Joaquim Nabuco, 169 - Mecejana', '2019-01-02', 6, 'Sim', 30, '22-08-2022-10-14-56-296282486_461599298879494_5856976261057547725_n.jpg', '', 0, ''),
(78, 'SEBASTIAO CORREA DE SOUZA', '63196840201', '(95) 99176-6832', 'sebastiao_correa50@hotmail.com', 'RUA HENRIQUE DE OLIVEIRA GOMES, 513 - CAMBARA', '2004-05-01', 6, 'Sim', 25, '23-08-2022-14-48-14-sebastiao.jpg', '', 0, ''),
(79, 'DENILSON ALMEIDA DE SOUZA', '63196840204', '(95) 99126-4734', 'chpdeni@hotmail.com', 'rua Jorge Dias Carneiro, 704 - Alvorada', '2004-03-06', 6, 'Sim', 25, '22-08-2022-10-54-13-denilson.jpg', '', 0, ''),
(80, 'Sara Ribeiro Machado', '03525197209', '(95) 99120-1636', 'sr4289197@gmail.com', 'Rua Sobral, Creche casa mãe', '2022-08-22', 6, 'Sim', 17, '22-08-2022-10-37-45-sara.jpg', '', 0, ''),
(81, 'Silvia Reis Gomes da Silva', '22551042291', '(95) 99130-5913', 'silviareis.roraima@yahoo.com.br', 'Avenida Jael Barradas', '2022-08-22', 6, 'Sim', 32, '22-08-2022-11-03-57-caxias.jpg', '', 0, ''),
(82, 'Célia Maria Grande da Silva ', '67249566253', '(95) 99132-1570', 'celia.grande1978@hotmail.com', 'Rua Goiás 112 bairro dos estados ', '2004-06-24', 6, 'Sim', 4, '22-08-2022-11-07-30-celiatransporte.jpg', '', 0, ''),
(83, 'Vivyanne Pimentel de Oliveira ', '88230333220', '(95) 99157-8385', 'pimentelv64@gmail.com', 'Rua pavao 206 mecejana ', '2022-08-22', 6, 'Sim', 2, '22-08-2022-12-33-05-viviany.jpg', '', 0, ''),
(84, 'RODRIGO CAVALCANTE', '03019235235', '(95) 99150-8209', 'damota945@gmail.com', 'Rua Peroba 75 Paraviana', '2022-03-23', 6, 'Sim', 10, '23-08-2022-08-26-19-WhatsApp-Image-2022-08-23-at-08.21.56.jpeg', '', 0, ''),
(85, 'Edmara Filgueiras ', '85143243220', '(95) 98105-5378', 'edmarafilgueiras@gmail.com', 'Rua Chile ', '2021-04-01', 6, 'Sim', 2, '23-08-2022-14-44-22-edmara.jpg', '', 0, ''),
(86, 'Ana Jéssyca de Souza Mendes', '02102543277', '(95) 98123-1145', 'anajessyca_@hotmail.com', 'x', '2022-08-23', 6, 'Sim', 40, '23-08-2022-14-42-30-anajessica.jpg', '', 0, ''),
(87, 'Jozianha Albuquerque de Souza', '51268914215', '(95) 99115-1933', 'jozi_anha@hotmail.com', 'x', '2022-08-23', 6, 'Sim', 9, '23-08-2022-14-40-30-jozi.jpg', '', 0, ''),
(88, 'Priscila Amazonas R.Soares', '72524251268', '(95) 98113-3920', 'priscilaamazonasr@gmail.com', 'Av. Mario Homem de melo, 2310 - Mecejana Sala 18', '2020-08-12', 6, 'Sim', 3, '24-08-2022-08-57-45-priscilaamazonas.jpg', '', 0, ''),
(89, 'Fábio Luiz Cavalcante Ferreira', '67036295287', '(95) 98400-3452', 'fabioluiz.rr@gmail.com', 'Rua Adalberto Bezerra de Menezes, n. 1458 - Caçari', '2021-03-31', 6, 'Sim', 4, '24-08-2022-13-41-18-fabiomoto.jpg', '', 0, ''),
(90, 'Juliana de Oliveira Lobo', '82272344291', '(95) 99151-0432', 'julianalobooliveira@gmail.com', 'Rua Curitiba número 735 bairro Nova Cidade ', '2022-08-24', 6, 'Sim', 22, '24-08-2022-13-03-21-julianalobo.jpg', '', 0, ''),
(91, 'Sebastiana Silva do Nascimento', '14972999268', '(95) 99112-9801', 'sebastiana.10@outlook.com', 'Rua Jandyra Lago, 602, Buritis', '2022-08-24', 6, 'Sim', 1, '24-08-2022-13-01-51-sebastiana.jpg', '', 0, ''),
(92, 'Norbelha Picanço', '13447203234', '(95) 98116-2349', 'belpincaco@hotmail.com', 'Alameda Platão 483 - Aparecida', '2022-08-25', 6, 'Sim', 13, '25-08-2022-11-09-40-bell.jpg', '', 0, ''),
(93, 'Adler Figueiredo Pereira Filho', '02538867240', '(95) 98123-3399', 'adler.filho@setrabes.rr.gov.br', 'Rua Alferes José Agostinho,91 - Mecejana', '2022-08-26', 6, 'Sim', 22, '26-08-2022-11-34-18-alder.jpg', '', 0, ''),
(94, 'MARIA NEUMA CARDOSO NASCIMENTO', '83100903315', '(95) 98126-0254', 'neumacardoso4@gmail.com', 'Rua Rondônia ', '2022-08-31', 6, 'Sim', 38, '31-08-2022-10-08-59-neuma.jpg', '', 0, ''),
(95, 'Alessandra Ribeiro Bezerra ', '00266618294', '(95) 98122-2021', 'alebezerra1989@gmail.com', 'Av amazonas 21 b dos estados', '2022-08-31', 6, 'Sim', 2, '29-12-2022-12-15-16-ALESANDRARIBEIRO.jpg', '', 0, ''),
(96, 'WALTER ARAUJO SILVA', '96975687234', '(95) 99128-6627', 'walter.swat@gmail.com', 'rua: Manoel da silva, n° 106 Dr. Silvio Botelho', '2022-09-02', 6, 'Sim', 25, '05-09-2022-12-12-04-wakter.jpg', '', 0, ''),
(97, 'Berenice oliveira Costa', '38303361287', '(95) 98122-1661', 'berenice.rr@hotmail.com', 'Rua professor diomedes 211', '2004-06-21', 6, 'Sim', 10, '08-09-2022-10-18-06-302311587_208731621509353_6233466803334053155_n.jpg', '', 0, ''),
(99, 'PAULA LOPES BARROSO', '44733550200', '(95) 99144-9402', 'paulalopesrr@gmail.com', 'Rua Antônio Seabra, 139 - Parque Caçari', '2022-04-01', 6, 'Sim', 41, '15-09-2022-09-46-53-paulalopes.jpg', '', 0, ''),
(100, 'NARRILA MORO', '01217386203', '(95) 98112-4642', 'narrilamoro@hotmail.com', 'RUA JAIRO DE ANDRADE LIMA, 717 - CAMBARA', '2021-08-10', 6, 'Sim', 25, '12-09-2022-08-43-33-WhatsApp-Image-2022-09-12-at-08.42.28.jpeg', '', 0, ''),
(101, 'BEATRIZ DIAS COSTA', '03589043237', '(95) 99162-7491', 'beatrizdiascosta111@gmail.com', 'Rua Curitiba, 569-A , Equatorial', '2019-02-18', 6, 'Sim', 25, '15-09-2022-09-43-05-beatriz.jpeg', '', 0, ''),
(102, 'GEDEAO DA COSTA SOUZA', '26903911200', '(95) 99125-8817', 'gedeaoinvestimento@gmail.com', 'X', '2022-09-13', 6, 'Sim', 27, '15-09-2022-09-41-01-gedeao.jpg', '', 0, ''),
(103, 'Mirian dos Reis Melo', '34842403268', '(95) 99115-5808', 'mirianmelo7313@gmail.com', 'Travessa Jaraguá,286 Aeroporto  ', '2021-05-16', 6, 'Sim', 29, '16-09-2022-11-19-59-miriam.jpg', '', 0, ''),
(104, 'Thays Phernanda Santos de Santana ', '00404163211', '(95) 99153-1261', 'phernanda.santana@gmail.com', 'Rua 09 81 União ', '2022-09-20', 6, 'Sim', 42, '04-10-2022-15-11-37-Phernanda.jpg', '', 0, ''),
(105, 'Maria Tays Bento Silva Gomes', '03517693235', '(95) 99154-7774', 'taysgomes113456789@gmail.com', 'cc31 n49 laura moreira', '2022-09-22', 6, 'Sim', 23, '04-10-2022-15-04-45-THAYS.jpg', '', 0, ''),
(106, 'Honso Williams Nascimento Cavalcante ', '38329123200', '(95) 99156-2672', 'honsowill1975@gmail.com', 'Rua Irlanda, n 850', '2022-09-26', 6, 'Sim', 41, '04-10-2022-15-00-36-HONSO.jpg', '', 0, ''),
(107, 'Kaique Nahan de Souza Cruz Lima', '01690926236', '(95) 99145-0604', 'kiqnop@gmail.com', 'Travessa Nicolau Horstmann', '2022-08-01', 6, 'Sim', 10, '04-10-2022-14-57-51-KAIQUE.jpg', '', 0, ''),
(108, 'Lucas dias ferreira', '03070912281', '(95) 99135-7017', 'lucas.prf16@gmail.com', 'Rua Joca Farias', '2022-10-04', 6, 'Sim', 37, '18-11-2022-12-39-49-LUCAS.jpg', '', 0, ''),
(109, 'Nayara silva coutinho ', '01860118224', '(95) 99129-0155', 'nayara.coutinhorr@gmail.com', 'Édson Castro 732 liberdade ', '2019-01-01', 6, 'Sim', 22, '04-10-2022-14-54-22-NAYARA.jpg', '', 0, ''),
(110, 'Rykaelly ohanna Vasconcelos do Nascimento ', '02179138229', '(95) 98416-6688', 'ohannavasconcelos25@gmail.com', 'Rua di-s num 501 bairro distrito industrial ', '2022-03-03', 6, 'Sim', 11, '25-10-2022-09-51-22-rykaely.jpg', '', 0, ''),
(111, 'ELINALDO LEONEL DA GAMA', '41410092291', '(92) 98424-9786', 'elinaldo.gama@setrabes.rr.gov.br', 'RUA JOSE PINHEIRO 694 LIBERDADE', '2021-10-10', 6, 'Sim', 15, '13-10-2022-09-17-52-elinaldo.jpg', '', 0, ''),
(112, 'CARLOS ALVES SCHRAMM JUNIOR', '77792092291', '(95) 98111-3053', 'cas_jr@hotmail.com', 'Av. Bento Brasil, 2937, Calunga', '2004-05-24', 6, 'Sim', 26, '25-10-2022-09-49-30-carlos.jpg', '', 0, ''),
(114, 'ALDA PEIXOTO', '52405559234', '(95) 99115-9828', 'cppm.setrabes.rr@gmail.com', 'Rua Uraricoera, 919 - São Vicente', '2022-02-15', 6, 'Sim', 43, '25-10-2022-09-46-28-alda.jpg', '', 0, ''),
(115, 'AlCINEIA ARAUJO CAVALCANTE', '00916626210', '(95) 99138-1960', 'alcineiaaraujo2016@gmail.com', 'PIRAPITINGA 525 SANTA TEREZA', '2021-06-20', 6, 'Sim', 15, '25-10-2022-09-43-26-alcineia.jpg', '', 0, ''),
(116, 'Taiwana Carine Rodrigues Gomes', '00916626211', '(95) 99159-2092', 'carinetaiwana@gmail.com', 'rua botão de ouro, 392, pricumã', '2021-10-01', 6, 'Sim', 2, '19-10-2022-10-17-52-tawaine.jpg', '', 0, ''),
(117, 'Zélia Moreira Almeida', '20439288304', '(95) 98117-7395', 'zeliamoreira1@hotmail.com', 'Rua das rosas 326 pricumã', '2004-10-05', 6, 'Sim', 13, '21-10-2022-11-24-17-zelia.jpg', '', 0, ''),
(118, 'LETICIA DA CRUZ MARINHO', '06026308270', '(95) 99127-7163', 'leticiamarinho194@gmail.com', '', '2022-10-21', 6, 'Sim', 34, '21-10-2022-11-31-34-leticia.jpg', '', 0, ''),
(119, 'IDERLENE DOS SANTOS PEREIRA', '44718950287', '(95) 99133-6057', 'iderlenesp@hotmail.com', 'RUA: CAPRICÓRNIO, 1423 CIDADE SATÉLITE', '2022-10-25', 6, 'Sim', 2, '25-10-2022-09-27-52-IDERLENE.jpg', '', 0, ''),
(120, 'LYARA KARINE PADILHA ALMEIDA', '05199877216', '(95) 99137-6895', 'lyaraalmeida1@gmail.com', 'rua hitlher de lucena', '2022-10-13', 6, 'Sim', 22, '31-10-2022-08-47-22-301399124_1369941536871217_3178263510756368414_n.jpg', '', 0, ''),
(121, 'Sandra Souza da Silva', '72980400220', '(95) 99169-7313', 'souzadasilvasandra@yahoo.com.br', 'Rua: Capela 1160 Bairro: Cidade Satelite', '2021-07-12', 6, 'Sim', 4, '25-10-2022-09-41-50-sandra.jpg', '', 0, ''),
(122, 'Gleiciane matos da silva', '97763195215', '(95) 99151-8403', 'casalar1bv@hotmail.com', 'rua sao jose 518 cinturão verde', '2020-08-18', 6, 'Não', 7, 'sem-perfil.jpg', '', 0, ''),
(123, 'Alayde Sampaio', '00752554301', '(95) 99902-6999', 'alaydsampaio@hotmail.com', 'Rua pavão 206, Bairro Mecejana', '2022-11-01', 6, 'Sim', 7, '16-11-2022-10-41-02-ALAYDE.jpg', '', 0, ''),
(124, 'WARNER LUCAS BARBOSA DE OLIVEIRA', '01300256230', '(95) 98112-1560', 'warnerlucasdeoliveira@gmail.com', 'RUA FRANCISCA ANACLETO DA SILVA, 3197 - EQUATORIAL', '2022-11-03', 6, 'Sim', 43, '15-12-2022-13-45-51-warne.jpg', ' ', 0, ''),
(125, 'Marcio da Silva Conceição', '52798917204', '(95) 99116-6070', 'dblack_mc@hotmail.com', 'rua 01, 85, Cidade Satélite, Boa Vista-Roraima', '2022-11-07', 5, 'Sim', 8, '01-02-2023-15-00-50-andrios.jpg', '', 0, ''),
(126, 'Dircilene de Souza Maia', '22545336220', '(95) 99119-9570', 'dircemaia71@gmail.com', 'Rua Ruth Pinheiro, 24 - Caimbé', '2022-11-08', 6, 'Sim', 1, '11-11-2022-12-10-06-dirce.jpg', '', 0, ''),
(127, 'RHAYANE COUTINHO RIBEIRO ', '01579476295', '(95) 99163-2323', 'rhayanecoutinho@hotmail.com', 'AV. ATAIDE TEIVE 864/5 MECEJANA', '2022-11-09', 6, 'Sim', 22, '11-11-2022-12-17-50-RHAYANE.jpeg', '', 0, ''),
(128, 'Paulo Roberto Alves Freire Junior', '38211416204', '(95) 99117-4198', 'betofreire84@gmail.com', 'jose aleixo 33 liberdade', '2022-11-17', 6, 'Sim', 7, '21-11-2022-10-22-01-IMG_20220830_171533.jpg', '', 0, ''),
(129, 'THIAGO VIANA DE SOUZA', '96136804204', '(95) 99152-2227', 'thiagoviana2k9@gmail.com', 'rua horacio mardel de magalhães, 769, asa branca ', '2022-11-17', 6, 'Sim', 11, '17-11-2022-15-45-22-thiago.jpg', '', 0, ''),
(130, 'MARLENE MORAIS RIBEIRO', '50853163200', '(95) 99124-0486', 'lenenee16@gmail.com', 'Rua Helio Magalhães 374 - Aeroporto', '2022-11-18', 6, 'Sim', 7, '15-12-2022-13-41-01-marlene.png', '', 0, ''),
(131, 'ZILLNY MARA', '00104929251', '(95) 98108-6900', 'zillnyborges@gmail.com', 'AV. MÁRIO HOMEM DE MELO, 2310 - MECEJANA', '2022-08-08', 6, 'Sim', 6, '30-11-2022-13-37-50-ZILLNY.jpg', '', 0, ''),
(132, 'Jocélia Maria Silva de Aguiar', '38200678253', '(55) 99166-8370', 'adm.jocelia.aguiar@gmail.com', 'Rua Jósimo dos Santos', '2020-10-21', 6, 'Sim', 9, '30-11-2022-14-37-11-JOCELIA.jpg', '', 0, ''),
(133, 'RITA DE CASSIA BEZERRA DA SILVA', '68453167249', '(95) 99162-8101', 'nof.setrabes@gmail.com', 'SETABRES', '2021-11-10', 6, 'Sim', 9, '29-12-2022-11-55-44-rita_nof.jpg', '', 0, ''),
(134, 'Daniel Otavio da Silva ', '97603619220', '(95) 99112-8097', 'danielotaviorr@gmail.com', 'rua caracaranã nº90 - 13 de setembro ', '2020-10-16', 6, 'Sim', 30, '29-12-2022-11-56-36-daniel.jpg', '', 0, ''),
(135, 'FRANCILENE SANTOS BARROS', '58992758200', '(95) 99905-4540', 'franci3.barros@gmail.com', 'Rua Andorinha, 69 - mecejan', '2023-01-02', 6, 'Sim', 7, '02-01-2023-14-32-20-francilene.jpg', '', 0, ''),
(136, 'JOÃO VITOR PEREIRA', '02201047278', '(95) 98118-3794', 'joaoterranobre@gmail.com', 'rua sizenando diniz 141 são vicente', '2003-03-30', 6, 'Sim', 13, 'sem-perfil.jpg', '', 0, ''),
(137, 'ELECILDA GOVEIA DE ALMEIDA', '00256010242', '(95) 99156-2279', 'casalar1bv@gmail.com', 'rua sao jose 518 cinturão verde', '2023-01-01', 6, 'Sim', 7, '18-01-2023-16-26-27-ELECILDA.jpg', '', 0, ''),
(138, 'SUELLEN JANE TAVARES CAVALCANTE', '97219932200', '(95) 99161-3622', 'Sutavares.jane@gmail.com', 'av mario homem de melo 2310', '2023-01-04', 6, 'Sim', 1, '18-01-2023-16-44-45-suelen.jpg', '', 0, ''),
(139, 'Brenda Emyly Parente', '03319699202', '(95) 98124-8261', 'brendaemyly35@gmail.com', 'rua benjamin pereira de melo, 2750, senador helio campos', '2022-05-11', 6, 'Sim', 3, '18-01-2023-16-23-50-brenda.jpg', '', 0, ''),
(140, 'FERNANDA SOUZA MONTEIRO', '70051926210', '(95) 99153-9255', 'fernanda.monteiro@setrabes.rr.gov.br', 'CMAGI', '2023-01-10', 6, 'Não', 15, '18-01-2023-16-22-09-fernanda.jpg', 'Servidora desligada em janeiro de 2023. Comissionada', 0, ''),
(141, 'Andrios Macedo', '66330475253', '(62) 98316-5466', 'macedorr@gmail.com', 'Equoterapia, Parque de Exposição.', '2023-01-16', 6, 'Sim', 25, '19-01-2023-09-05-01-andrios.jpg', 'Setor do Equoterapia', 0, ''),
(142, 'Francivaldo Galvão Soares Junior ', '71937706249', '(95) 99141-4856', 'junior_soarescq@hotmail.com', 'Rua Pavão, 231 - Mecejana', '2023-01-18', 6, 'Sim', 44, '18-01-2023-16-18-18-Francivaldo.jpg', '', 0, ''),
(143, 'Felipe Costa da Silva', '00922107246', '(92) 98196-8448', 'felipe.silvanutri@gmail.com', 'Rua Dino Mesquita ', '2023-01-18', 6, 'Sim', 13, 'sem-perfil.jpg', '', 0, ''),
(144, 'rosilene ferreira', '64677265291', '(95) 99144-3236', 'rosibvrr@hotmail.com', 'SETRABES', '2023-01-18', 6, 'Sim', 13, '19-01-2023-08-02-47-rosilene.jpg', '', 0, ''),
(145, 'NILVA CRISTINA DE OLIVEIRA', '185.326.788-07', '(95) 99114-4196', 'nilva.cristina@gmail.com', 'Rua Elza Mesquita da Silva,278, Jardim Floresta II,', '2023-01-19', 6, 'Sim', 10, '19-01-2023-10-50-05-WhatsApp-Image-2023-01-18-at-11.56.23-(1).jpeg', '', 0, ''),
(146, 'Lais Fernanda Alves Duarte', '04410418254', '(95) 99117-3122', 'laisfernanda174@gmail.com', 'Rua Capitão Francisco Ferreira', '2023-01-19', 6, 'Sim', 7, '19-01-2023-11-19-12-lais.jpeg', '', 0, ''),
(147, 'Marcos Kenedy de Souza Pontes', '08570598238', '(95) 99130-8426', 'emicimark@gmail.com', 'Antônio Moreira de Moraes, 658 alvorada', '2022-06-15', 6, 'Sim', 32, '19-01-2023-08-52-15-kenedy.jpg', '', 0, ''),
(148, 'LEONI ROSANGELA SCHUH', '93100850025', '(95) 98112-7898', 'leonirosangela_rr@hotmail.com', 'RUA 9 DE JULHO 1058 SÃO FRANCISCO', '2023-01-01', 6, 'Não', 12, 'sem-perfil.jpg', '', 0, ''),
(149, 'Elane Mendonça Sousa ', '01490264205', '(95) 99116-9270', 'elanemendonca131@gmail.com', 'Rua Pedro Aldemar bantim n2386 pintolandia ', '2023-01-19', 6, 'Sim', 31, '19-01-2023-11-44-53-ELANE.jpg', '', 0, ''),
(150, 'Guilherme Carvalho', '00631057218', '(95) 99122-0104', 'gui.araujocarvalho@hotmail.com', 'Rua faculdade roraimense de ensino superior, 1025 - cidade satélite ', '2023-01-24', 6, 'Não', 44, 'sem-perfil.jpg', '', 0, ''),
(151, 'MARIA DO CARMO PALMELA TRAJANO', '41758846291', '(95) 99121-3302', 'mtrajano8@gmail.com', 'RUA VEREADOR WALDEMAR GOMES', '2023-01-25', 6, 'Sim', 2, '30-01-2023-08-17-09-mariapalmeira.jpg', '', 0, ''),
(152, 'Lindinês da Costa Melo', '03088655299', '(95) 98411-7122', 'lindamello.rr@gmail.com', 'Rua Sergipe 434', '2023-01-01', 6, 'Sim', 2, '30-01-2023-08-23-44-lindines.jpg', '', 0, ''),
(153, 'Jonas Brandão ', '70216412226', '(92) 99110-8220', 'terabyte18@outlook.com', 'Av. Mario Homem de Melo - 2310', '0000-00-00', 6, 'Sim', 11, 'sem-perfil.jpg', '', 0, ''),
(154, 'Ana Maria Mota Oliveira Scalabrin ', '70233780491', '(95) 99967-6587', 'coederr@gmail.com', 'Casa dos Conselhos ', '2004-06-28', 6, 'Sim', 20, 'sem-perfil.jpg', '', 0, ''),
(155, 'MARIA DO SOCORRO DANTAS DO NASCIMENTO', '37621815434', '(95) 99142-5934', 'mariaab843@gmail.com', 'Rua Dom José Nepote, 1137, São Francisco', '2017-08-07', 6, 'Sim', 45, '30-01-2023-08-07-11-mariasocorro.jpg', '', 0, ''),
(156, 'Scarlet Soares Alves', '006.385.162-85', '(95) 98119-0678', 'scarletsoares86@gmail.com', 'Av. José Tabira de Alencar', '2023-01-02', 6, 'Sim', 9, 'sem-perfil.jpg', '', 0, ''),
(157, 'Kalyka pinho Peixoto ', '01563589214', '(95) 99130-0165', 'kkpinhopeixoto@gmail.com', 'Rua miss loyd', '2022-03-22', 6, 'Não', 13, 'sem-perfil.jpg', '', 0, ''),
(158, 'Tatiana Andrea batista mendonca ', '57521409353', '(95) 99171-9898', 'tatianaandrea416@gmail.com', 'Avenida Mário homem de melo', '2022-03-23', 6, 'Não', 9, 'sem-perfil.jpg', '', 0, ''),
(159, 'Sulamita Rebouças Bento ', '52771792249', '(95) 99116-4333', 'sulamitar.bento@gmail.com', 'Rua:Maria Coelho n48 Parque Caçari', '2023-01-02', 6, 'Não', 25, 'sem-perfil.jpg', '', 0, ''),
(160, 'JESSICA VANESSA SABINO DA COSTA', '00738756270', '(95) 99129-3446', 'vanessa.sabino.jc@gmail.com', '161 Rua João Batista Sobreiro', '2023-01-02', 6, 'Sim', 25, 'sem-perfil.jpg', '', 0, '');

-- --------------------------------------------------------

--
-- Estrutura para tabela `logs`
--

CREATE TABLE `logs` (
  `id` int(11) NOT NULL,
  `data` date NOT NULL,
  `hora` time NOT NULL,
  `tabela` varchar(30) NOT NULL,
  `acao` varchar(40) NOT NULL,
  `usuario` int(11) NOT NULL,
  `id_reg` int(11) NOT NULL,
  `descricao` varchar(40) NOT NULL
) ENGINE=InnoDB DEFAULT CHARSET=utf8 COLLATE=utf8_general_ci;

--
-- Despejando dados para a tabela `logs`
--

INSERT INTO `logs` (`id`, `data`, `hora`, `tabela`, `acao`, `usuario`, `id_reg`, `descricao`) VALUES
(14, '2022-08-24', '13:04:23', 'usuarios', 'login', 3, 0, 'login'),
(15, '2022-08-24', '13:04:47', 'usuarios', 'logout', 26, 0, 'logout'),
(16, '2022-08-24', '13:04:53', 'usuarios', 'login', 26, 0, 'login'),
(17, '2022-08-24', '13:07:51', 'usuarios', 'login', 16, 0, 'login'),
(18, '2022-08-24', '13:31:28', 'usuarios', 'login', 6, 0, 'login'),
(19, '2022-08-24', '13:32:47', 'solicitacao', 'inserção', 6, 86, 'Computador'),
(20, '2022-08-24', '13:33:04', 'usuarios', 'login', 37, 0, 'login'),
(21, '2022-08-24', '13:33:33', 'solicitacao', 'inserção', 37, 87, 'Impressora'),
(22, '2022-08-24', '13:44:53', 'usuarios', 'login', 27, 0, 'login'),
(23, '2022-08-24', '13:46:04', 'solicitacao', 'inserção', 6, 88, 'Computador'),
(24, '2022-08-24', '13:56:52', 'usuarios', 'login', 1, 0, 'login'),
(25, '2022-08-24', '13:57:17', 'usuarios', 'login', 42, 0, 'login'),
(26, '2022-08-24', '13:59:58', 'usuarios', 'login', 3, 0, 'login'),
(27, '2022-08-24', '14:03:09', 'usuarios', 'login', 94, 0, 'login'),
(28, '2022-08-24', '14:12:42', 'usuarios', 'login', 37, 0, 'login'),
(29, '2022-08-24', '14:14:17', 'usuarios', 'logout', 42, 0, 'logout'),
(30, '2022-08-24', '14:34:14', 'usuarios', 'login', 2, 0, 'login'),
(31, '2022-08-24', '14:38:37', 'usuarios', 'login', 27, 0, 'login'),
(32, '2022-08-25', '09:12:49', 'usuarios', 'login', 16, 0, 'login'),
(33, '2022-08-25', '09:27:53', 'usuarios', 'login', 2, 0, 'login'),
(34, '2022-08-25', '09:39:30', 'usuarios', 'login', 4, 0, 'login'),
(35, '2022-08-25', '09:55:52', 'usuarios', 'login', 58, 0, 'login'),
(36, '2022-08-25', '09:57:21', 'solicitacao', 'inserção', 58, 89, 'Login'),
(37, '2022-08-25', '09:57:21', 'solicitacao', 'inserção', 58, 90, 'Login'),
(38, '2022-08-25', '09:57:22', 'solicitacao', 'inserção', 58, 91, 'Login'),
(39, '2022-08-25', '09:57:22', 'solicitacao', 'inserção', 58, 92, 'Login'),
(40, '2022-08-25', '09:57:23', 'solicitacao', 'inserção', 58, 93, 'Login'),
(41, '2022-08-25', '09:57:23', 'solicitacao', 'inserção', 58, 94, 'Login'),
(42, '2022-08-25', '09:59:20', 'usuarios', 'login', 1, 0, 'login'),
(43, '2022-08-25', '10:03:27', 'usuarios', 'login', 3, 0, 'login'),
(44, '2022-08-25', '10:24:14', 'solicitacao', 'inserção', 1, 95, 'Internet'),
(45, '2022-08-25', '10:45:58', 'usuarios', 'login', 4, 0, 'login'),
(46, '2022-08-25', '10:54:08', 'usuarios', 'login', 74, 0, 'login'),
(47, '2022-08-25', '10:56:41', 'solicitacao', 'inserção', 74, 96, 'Software'),
(48, '2022-08-25', '10:58:08', 'usuarios', 'login', 16, 0, 'login'),
(49, '2022-08-25', '11:04:50', 'usuarios', 'login', 43, 0, 'login'),
(50, '2022-08-25', '11:33:20', 'usuarios', 'login', 3, 0, 'login'),
(51, '2022-08-25', '11:33:50', 'usuarios', 'logout', 3, 0, 'logout'),
(52, '2022-08-25', '11:59:34', 'usuarios', 'login', 1, 0, 'login'),
(53, '2022-08-25', '12:15:45', 'usuarios', 'login', 78, 0, 'login'),
(54, '2022-08-25', '12:16:10', 'usuarios', 'logout', 1, 0, 'logout'),
(55, '2022-08-25', '12:16:42', 'usuarios', 'login', 1, 0, 'login'),
(56, '2022-08-25', '12:19:53', 'solicitacao', 'inserção', 78, 97, 'Outros'),
(57, '2022-08-25', '12:29:58', 'usuarios', 'login', 3, 0, 'login'),
(58, '2022-08-25', '12:59:12', 'usuarios', 'logout', 1, 0, 'logout'),
(59, '2022-08-25', '13:38:04', 'usuarios', 'login', 4, 0, 'login'),
(60, '2022-08-25', '16:23:18', 'usuarios', 'login', 1, 0, 'login'),
(61, '2022-08-25', '16:28:28', 'usuarios', 'logout', 1, 0, 'logout'),
(62, '2022-08-26', '09:06:33', 'usuarios', 'login', 27, 0, 'login'),
(63, '2022-08-26', '11:05:11', 'usuarios', 'login', 61, 0, 'login'),
(64, '2022-08-26', '11:07:23', 'solicitacao', 'inserção', 61, 98, 'Rede interna'),
(65, '2022-08-26', '11:09:29', 'usuarios', 'login', 4, 0, 'login'),
(66, '2022-08-26', '11:10:05', 'usuarios', 'login', 16, 0, 'login'),
(67, '2022-08-26', '12:14:19', 'usuarios', 'login', 1, 0, 'login'),
(68, '2022-08-26', '12:26:57', 'usuarios', 'login', 96, 0, 'login'),
(69, '2022-08-26', '12:30:43', 'solicitacao', 'inserção', 96, 99, 'Computador'),
(70, '2022-08-26', '15:06:54', 'usuarios', 'login', 1, 0, 'login'),
(71, '2022-08-27', '14:32:49', 'usuarios', 'login', 1, 0, 'login'),
(72, '2022-08-27', '14:35:35', 'usuarios', 'logout', 1, 0, 'logout'),
(73, '2022-08-29', '06:45:35', 'usuarios', 'login', 1, 0, 'login'),
(74, '2022-08-29', '06:46:40', 'usuarios', 'login', 1, 0, 'login'),
(75, '2022-08-29', '06:47:30', 'usuarios', 'logout', 1, 0, 'logout'),
(76, '2022-08-29', '08:47:24', 'usuarios', 'login', 4, 0, 'login'),
(77, '2022-08-29', '08:48:41', 'usuarios', 'login', 3, 0, 'login'),
(78, '2022-08-29', '09:08:51', 'usuarios', 'login', 1, 0, 'login'),
(79, '2022-08-29', '09:10:05', 'usuarios', 'login', 16, 0, 'login'),
(80, '2022-08-29', '09:59:59', 'usuarios', 'login', 2, 0, 'login'),
(81, '2022-08-29', '10:40:39', 'usuarios', 'login', 60, 0, 'login'),
(82, '2022-08-29', '10:41:35', 'solicitacao', 'inserção', 60, 100, 'Monitor'),
(83, '2022-08-29', '10:43:44', 'usuarios', 'login', 4, 0, 'login'),
(84, '2022-08-29', '10:44:21', 'usuarios', 'logout', 3, 0, 'logout'),
(85, '2022-08-29', '10:44:51', 'usuarios', 'login', 61, 0, 'login'),
(86, '2022-08-29', '10:46:19', 'usuarios', 'login', 3, 0, 'login'),
(87, '2022-08-29', '10:46:52', 'solicitacao', 'inserção', 61, 101, 'Computador'),
(88, '2022-08-29', '11:06:22', 'usuarios', 'login', 16, 0, 'login'),
(89, '2022-08-29', '11:19:27', 'usuarios', 'login', 3, 0, 'login'),
(90, '2022-08-29', '12:14:05', 'usuarios', 'login', 4, 0, 'login'),
(91, '2022-08-29', '13:05:09', 'usuarios', 'login', 16, 0, 'login'),
(92, '2022-08-29', '13:12:47', 'usuarios', 'login', 3, 0, 'login'),
(93, '2022-08-30', '09:02:01', 'usuarios', 'login', 3, 0, 'login'),
(94, '2022-08-30', '09:11:05', 'usuarios', 'login', 16, 0, 'login'),
(95, '2022-08-30', '09:33:11', 'usuarios', 'login', 1, 0, 'login'),
(96, '2022-08-30', '09:34:08', 'usuarios', 'logout', 3, 0, 'logout'),
(97, '2022-08-30', '10:05:01', 'usuarios', 'login', 38, 0, 'login'),
(98, '2022-08-30', '10:07:45', 'solicitacao', 'inserção', 38, 102, 'Impressora'),
(99, '2022-08-30', '10:12:30', 'usuarios', 'login', 1, 0, 'login'),
(100, '2022-08-30', '10:13:17', 'usuarios', 'login', 16, 0, 'login'),
(101, '2022-08-30', '10:16:34', 'usuarios', 'login', 2, 0, 'login'),
(102, '2022-08-30', '10:31:43', 'usuarios', 'login', 41, 0, 'login'),
(103, '2022-08-30', '10:33:47', 'solicitacao', 'inserção', 38, 103, 'Impressora'),
(104, '2022-08-30', '10:34:44', 'solicitacao', 'exclusão', 38, 103, 'Impressora'),
(105, '2022-08-30', '11:15:45', 'usuarios', 'login', 30, 0, 'login'),
(106, '2022-08-30', '11:17:52', 'usuarios', 'login', 30, 0, 'login'),
(107, '2022-08-30', '11:18:30', 'usuarios', 'login', 1, 0, 'login'),
(108, '2022-08-30', '11:19:54', 'solicitacao', 'inserção', 30, 104, 'Monitor'),
(109, '2022-08-30', '11:21:02', 'usuarios', 'login', 16, 0, 'login'),
(110, '2022-08-30', '11:21:33', 'usuarios', 'login', 4, 0, 'login'),
(111, '2022-08-30', '11:30:23', 'usuarios', 'login', 3, 0, 'login'),
(112, '2022-08-30', '13:11:15', 'usuarios', 'login', 2, 0, 'login'),
(113, '2022-08-30', '13:13:38', 'usuarios', 'login', 16, 0, 'login'),
(114, '2022-08-31', '09:11:13', 'usuarios', 'login', 3, 0, 'login'),
(115, '2022-08-31', '09:11:25', 'usuarios', 'logout', 3, 0, 'logout'),
(116, '2022-08-31', '09:18:25', 'usuarios', 'login', 16, 0, 'login'),
(117, '2022-08-31', '10:28:30', 'usuarios', 'login', 1, 0, 'login'),
(118, '2022-08-31', '10:47:00', 'usuarios', 'login', 16, 0, 'login'),
(119, '2022-08-31', '11:06:04', 'usuarios', 'login', 3, 0, 'login'),
(120, '2022-08-31', '11:08:11', 'usuarios', 'login', 97, 0, 'login'),
(121, '2022-08-31', '11:09:16', 'solicitacao', 'inserção', 97, 105, 'Login'),
(122, '2022-08-31', '11:14:29', 'usuarios', 'login', 3, 0, 'login'),
(123, '2022-08-31', '11:14:49', 'usuarios', 'logout', 3, 0, 'logout'),
(124, '2022-08-31', '11:17:34', 'usuarios', 'login', 3, 0, 'login'),
(125, '2022-08-31', '11:23:05', 'usuarios', 'login', 3, 0, 'login'),
(126, '2022-08-31', '11:23:42', 'usuarios', 'login', 51, 0, 'login'),
(127, '2022-08-31', '11:24:44', 'solicitacao', 'inserção', 51, 106, 'Internet'),
(128, '2022-08-31', '11:41:05', 'usuarios', 'login', 4, 0, 'login'),
(129, '2022-08-31', '11:42:51', 'usuarios', 'logout', 51, 0, 'logout'),
(130, '2022-08-31', '11:44:22', 'usuarios', 'login', 16, 0, 'login'),
(131, '2022-08-31', '13:01:30', 'usuarios', 'login', 1, 0, 'login'),
(132, '2022-08-31', '13:09:13', 'usuarios', 'login', 98, 0, 'login'),
(133, '2022-08-31', '13:10:00', 'solicitacao', 'inserção', 98, 107, 'Impressora'),
(134, '2022-08-31', '13:10:05', 'usuarios', 'login', 4, 0, 'login'),
(135, '2022-08-31', '13:35:00', 'usuarios', 'login', 16, 0, 'login'),
(136, '2022-09-01', '08:34:42', 'usuarios', 'login', 3, 0, 'login'),
(137, '2022-09-01', '08:35:06', 'usuarios', 'logout', 3, 0, 'logout'),
(138, '2022-09-01', '09:11:19', 'usuarios', 'login', 3, 0, 'login'),
(139, '2022-09-01', '09:24:59', 'usuarios', 'login', 16, 0, 'login'),
(140, '2022-09-01', '10:34:41', 'usuarios', 'login', 38, 0, 'login'),
(141, '2022-09-01', '10:35:52', 'solicitacao', 'inserção', 38, 108, 'Internet'),
(142, '2022-09-01', '10:37:03', 'usuarios', 'login', 16, 0, 'login'),
(143, '2022-09-01', '10:37:07', 'usuarios', 'login', 4, 0, 'login'),
(144, '2022-09-01', '11:15:58', 'usuarios', 'login', 16, 0, 'login'),
(145, '2022-09-01', '11:37:04', 'usuarios', 'login', 4, 0, 'login'),
(146, '2022-09-01', '15:53:40', 'usuarios', 'login', 4, 0, 'login'),
(147, '2022-09-02', '09:06:45', 'usuarios', 'login', 3, 0, 'login'),
(148, '2022-09-02', '09:19:30', 'usuarios', 'login', 30, 0, 'login'),
(149, '2022-09-02', '10:01:11', 'usuarios', 'login', 2, 0, 'login'),
(150, '2022-09-02', '10:37:07', 'usuarios', 'login', 3, 0, 'login'),
(151, '2022-09-05', '09:53:39', 'usuarios', 'login', 16, 0, 'login'),
(152, '2022-09-05', '10:05:29', 'usuarios', 'login', 73, 0, 'login'),
(153, '2022-09-05', '10:06:05', 'solicitacao', 'inserção', 73, 109, 'Login'),
(154, '2022-09-05', '10:08:55', 'usuarios', 'login', 4, 0, 'login'),
(155, '2022-09-05', '11:53:17', 'usuarios', 'login', 16, 0, 'login'),
(156, '2022-09-05', '11:55:52', 'usuarios', 'login', 3, 0, 'login'),
(157, '2022-09-05', '12:30:05', 'usuarios', 'login', 4, 0, 'login'),
(158, '2022-09-05', '13:00:28', 'usuarios', 'login', 59, 0, 'login'),
(159, '2022-09-05', '13:01:23', 'solicitacao', 'inserção', 59, 110, 'Computador'),
(160, '2022-09-05', '13:03:23', 'usuarios', 'login', 1, 0, 'login'),
(161, '2022-09-05', '14:19:09', 'usuarios', 'login', 16, 0, 'login'),
(162, '2022-09-06', '08:50:12', 'usuarios', 'login', 3, 0, 'login'),
(163, '2022-09-06', '09:36:22', 'usuarios', 'login', 3, 0, 'login'),
(164, '2022-09-06', '10:10:35', 'usuarios', 'login', 85, 0, 'login'),
(165, '2022-09-06', '10:11:55', 'solicitacao', 'inserção', 85, 111, 'Login'),
(166, '2022-09-06', '10:14:08', 'usuarios', 'login', 1, 0, 'login'),
(167, '2022-09-06', '10:14:54', 'usuarios', 'login', 4, 0, 'login'),
(168, '2022-09-06', '10:25:08', 'usuarios', 'login', 3, 0, 'login'),
(169, '2022-09-06', '10:47:17', 'usuarios', 'login', 65, 0, 'login'),
(170, '2022-09-06', '10:48:44', 'solicitacao', 'inserção', 65, 112, 'Impressora'),
(171, '2022-09-06', '10:51:41', 'usuarios', 'login', 4, 0, 'login'),
(172, '2022-09-06', '11:03:26', 'usuarios', 'login', 3, 0, 'login'),
(173, '2022-09-06', '11:40:06', 'usuarios', 'login', 16, 0, 'login'),
(174, '2022-09-06', '11:43:41', 'usuarios', 'login', 4, 0, 'login'),
(175, '2022-09-06', '12:26:06', 'usuarios', 'login', 16, 0, 'login'),
(176, '2022-09-06', '12:30:47', 'usuarios', 'login', 16, 0, 'login'),
(177, '2022-09-06', '13:15:51', 'usuarios', 'login', 4, 0, 'login'),
(178, '2022-09-06', '13:16:12', 'usuarios', 'login', 4, 0, 'login'),
(179, '2022-09-06', '13:24:50', 'usuarios', 'login', 3, 0, 'login'),
(180, '2022-09-06', '13:33:27', 'usuarios', 'login', 16, 0, 'login'),
(181, '2022-09-08', '09:17:46', 'usuarios', 'login', 16, 0, 'login'),
(182, '2022-09-08', '09:26:01', 'usuarios', 'login', 3, 0, 'login'),
(183, '2022-09-08', '09:41:53', 'usuarios', 'login', 87, 0, 'login'),
(184, '2022-09-08', '10:02:17', 'usuarios', 'login', 4, 0, 'login'),
(185, '2022-09-08', '10:03:02', 'usuarios', 'login', 26, 0, 'login'),
(186, '2022-09-08', '10:11:32', 'usuarios', 'login', 100, 0, 'login'),
(187, '2022-09-08', '10:23:41', 'usuarios', 'login', 3, 0, 'login'),
(188, '2022-09-08', '10:30:17', 'usuarios', 'login', 3, 0, 'login'),
(189, '2022-09-08', '10:58:53', 'usuarios', 'login', 1, 0, 'login'),
(190, '2022-09-08', '11:56:22', 'usuarios', 'login', 16, 0, 'login'),
(191, '2022-09-08', '12:21:20', 'usuarios', 'login', 16, 0, 'login'),
(192, '2022-09-08', '17:23:42', 'usuarios', 'login', 27, 0, 'login'),
(193, '2022-09-09', '13:49:12', 'usuarios', 'login', 1, 0, 'login'),
(194, '2022-09-09', '14:28:57', 'usuarios', 'logout', 1, 0, 'logout'),
(195, '2022-09-09', '14:29:05', 'usuarios', 'login', 99, 0, 'login'),
(196, '2022-09-09', '14:29:11', 'usuarios', 'logout', 99, 0, 'logout'),
(197, '2022-09-09', '14:29:22', 'usuarios', 'login', 1, 0, 'login'),
(198, '2022-09-09', '16:44:55', 'usuarios', 'login', 26, 0, 'login'),
(199, '2022-09-12', '09:30:05', 'usuarios', 'login', 16, 0, 'login'),
(200, '2022-09-12', '09:31:40', 'usuarios', 'login', 1, 0, 'login'),
(201, '2022-09-12', '09:40:30', 'usuarios', 'login', 26, 0, 'login'),
(202, '2022-09-12', '09:43:52', 'usuarios', 'logout', 1, 0, 'logout'),
(203, '2022-09-12', '09:44:16', 'usuarios', 'login', 103, 0, 'login'),
(204, '2022-09-12', '09:46:59', 'solicitacao', 'inserção', 103, 113, 'Outros'),
(205, '2022-09-12', '09:47:35', 'usuarios', 'logout', 103, 0, 'logout'),
(206, '2022-09-12', '09:48:23', 'usuarios', 'login', 1, 0, 'login'),
(207, '2022-09-12', '09:54:03', 'usuarios', 'logout', 1, 0, 'logout'),
(208, '2022-09-12', '09:54:23', 'usuarios', 'login', 104, 0, 'login'),
(209, '2022-09-12', '09:55:32', 'usuarios', 'logout', 104, 0, 'logout'),
(210, '2022-09-12', '10:07:23', 'usuarios', 'login', 3, 0, 'login'),
(211, '2022-09-12', '10:17:27', 'usuarios', 'login', 3, 0, 'login'),
(212, '2022-09-12', '10:22:13', 'usuarios', 'login', 4, 0, 'login'),
(213, '2022-09-12', '11:05:15', 'usuarios', 'login', 16, 0, 'login'),
(214, '2022-09-12', '11:05:51', 'usuarios', 'login', 44, 0, 'login'),
(215, '2022-09-12', '11:09:13', 'solicitacao', 'inserção', 44, 114, 'Login'),
(216, '2022-09-12', '11:12:27', 'usuarios', 'login', 4, 0, 'login'),
(217, '2022-09-12', '11:13:43', 'usuarios', 'login', 26, 0, 'login'),
(218, '2022-09-12', '11:39:33', 'usuarios', 'login', 16, 0, 'login'),
(219, '2022-09-12', '12:19:53', 'usuarios', 'login', 44, 0, 'login'),
(220, '2022-09-12', '12:41:41', 'usuarios', 'login', 16, 0, 'login'),
(221, '2022-09-12', '13:33:58', 'usuarios', 'login', 58, 0, 'login'),
(222, '2022-09-12', '13:34:49', 'solicitacao', 'inserção', 58, 115, 'Impressora'),
(223, '2022-09-12', '13:36:36', 'usuarios', 'login', 4, 0, 'login'),
(224, '2022-09-12', '13:51:13', 'usuarios', 'login', 3, 0, 'login'),
(225, '2022-09-12', '13:58:01', 'usuarios', 'login', 16, 0, 'login'),
(226, '2022-09-12', '14:27:25', 'usuarios', 'login', 1, 0, 'login'),
(227, '2022-09-12', '14:29:35', 'usuarios', 'logout', 1, 0, 'logout'),
(228, '2022-09-12', '17:06:55', 'usuarios', 'login', 1, 0, 'login'),
(229, '2022-09-12', '17:12:23', 'usuarios', 'login', 80, 0, 'login'),
(230, '2022-09-12', '17:15:26', 'usuarios', 'logout', 80, 0, 'logout'),
(231, '2022-09-12', '17:15:31', 'usuarios', 'login', 80, 0, 'login'),
(232, '2022-09-12', '17:16:00', 'solicitacao', 'inserção', 80, 116, 'Impressora'),
(233, '2022-09-12', '17:23:59', 'usuarios', 'login', 26, 0, 'login'),
(234, '2022-09-12', '17:28:18', 'usuarios', 'login', 80, 0, 'login'),
(235, '2022-09-12', '17:29:11', 'solicitacao', 'inserção', 80, 117, 'Impressora'),
(236, '2022-09-12', '17:32:43', 'usuarios', 'login', 26, 0, 'login'),
(237, '2022-09-12', '17:32:47', 'usuarios', 'login', 7, 0, 'login'),
(238, '2022-09-13', '09:49:08', 'usuarios', 'login', 16, 0, 'login'),
(239, '2022-09-13', '10:48:10', 'usuarios', 'login', 76, 0, 'login'),
(240, '2022-09-13', '10:50:01', 'solicitacao', 'inserção', 76, 118, 'Internet'),
(241, '2022-09-13', '10:57:07', 'usuarios', 'login', 3, 0, 'login'),
(242, '2022-09-13', '11:31:44', 'usuarios', 'login', 3, 0, 'login'),
(243, '2022-09-13', '11:37:11', 'usuarios', 'login', 4, 0, 'login'),
(244, '2022-09-13', '11:37:36', 'usuarios', 'login', 26, 0, 'login'),
(245, '2022-09-13', '11:39:19', 'usuarios', 'logout', 3, 0, 'logout'),
(246, '2022-09-13', '16:20:35', 'usuarios', 'login', 26, 0, 'login'),
(247, '2022-09-14', '09:04:26', 'usuarios', 'login', 26, 0, 'login'),
(248, '2022-09-14', '09:59:53', 'usuarios', 'login', 4, 0, 'login'),
(249, '2022-09-14', '11:46:19', 'usuarios', 'login', 16, 0, 'login'),
(250, '2022-09-15', '09:00:09', 'usuarios', 'login', 3, 0, 'login'),
(251, '2022-09-15', '09:53:17', 'usuarios', 'login', 74, 0, 'login'),
(252, '2022-09-15', '09:54:07', 'solicitacao', 'inserção', 74, 119, 'Computador'),
(253, '2022-09-15', '09:57:17', 'usuarios', 'login', 4, 0, 'login'),
(254, '2022-09-15', '10:19:11', 'usuarios', 'login', 3, 0, 'login'),
(255, '2022-09-15', '10:31:02', 'usuarios', 'login', 27, 0, 'login'),
(256, '2022-09-15', '10:32:09', 'solicitacao', 'inserção', 27, 120, 'Login'),
(257, '2022-09-15', '10:34:56', 'usuarios', 'login', 3, 0, 'login'),
(258, '2022-09-15', '10:37:49', 'usuarios', 'login', 1, 0, 'login'),
(259, '2022-09-15', '11:05:51', 'usuarios', 'login', 105, 0, 'login'),
(260, '2022-09-15', '11:09:32', 'solicitacao', 'inserção', 105, 121, 'Computador'),
(261, '2022-09-15', '11:14:59', 'usuarios', 'login', 4, 0, 'login'),
(262, '2022-09-15', '11:27:37', 'usuarios', 'login', 84, 0, 'login'),
(263, '2022-09-15', '11:28:35', 'solicitacao', 'inserção', 84, 122, 'Computador'),
(264, '2022-09-15', '11:28:36', 'solicitacao', 'inserção', 84, 123, 'Computador'),
(265, '2022-09-15', '11:52:06', 'usuarios', 'login', 3, 0, 'login'),
(266, '2022-09-15', '11:53:04', 'usuarios', 'logout', 3, 0, 'logout'),
(267, '2022-09-15', '12:12:16', 'usuarios', 'login', 50, 0, 'login'),
(268, '2022-09-15', '12:12:54', 'solicitacao', 'inserção', 50, 124, 'Computador'),
(269, '2022-09-15', '12:15:25', 'usuarios', 'login', 4, 0, 'login'),
(270, '2022-09-15', '12:16:47', 'usuarios', 'login', 1, 0, 'login'),
(271, '2022-09-15', '12:54:52', 'usuarios', 'login', 37, 0, 'login'),
(272, '2022-09-15', '12:55:41', 'solicitacao', 'inserção', 37, 125, 'Outros'),
(273, '2022-09-15', '13:01:10', 'usuarios', 'login', 16, 0, 'login'),
(274, '2022-09-15', '13:17:55', 'usuarios', 'login', 63, 0, 'login'),
(275, '2022-09-15', '13:19:45', 'solicitacao', 'inserção', 63, 126, 'Impressora'),
(276, '2022-09-15', '13:26:50', 'usuarios', 'login', 1, 0, 'login'),
(277, '2022-09-15', '13:31:34', 'usuarios', 'login', 3, 0, 'login'),
(278, '2022-09-15', '13:32:44', 'usuarios', 'login', 3, 0, 'login'),
(279, '2022-09-16', '09:07:39', 'usuarios', 'login', 16, 0, 'login'),
(280, '2022-09-16', '10:01:34', 'usuarios', 'login', 16, 0, 'login'),
(281, '2022-09-16', '12:12:05', 'usuarios', 'login', 1, 0, 'login'),
(282, '2022-09-16', '12:13:09', 'usuarios', 'login', 106, 0, 'login'),
(283, '2022-09-16', '12:13:17', 'usuarios', 'logout', 106, 0, 'logout'),
(284, '2022-09-16', '12:13:22', 'usuarios', 'login', 4, 0, 'login'),
(285, '2022-09-16', '12:13:48', 'usuarios', 'login', 106, 0, 'login'),
(286, '2022-09-16', '12:16:48', 'solicitacao', 'inserção', 106, 127, 'Login'),
(287, '2022-09-16', '12:17:22', 'usuarios', 'logout', 106, 0, 'logout'),
(288, '2022-09-16', '12:17:24', 'usuarios', 'login', 16, 0, 'login'),
(289, '2022-09-16', '12:33:07', 'usuarios', 'login', 37, 0, 'login'),
(290, '2022-09-16', '12:35:23', 'solicitacao', 'inserção', 37, 128, 'Monitor'),
(291, '2022-09-16', '13:00:40', 'usuarios', 'login', 3, 0, 'login'),
(292, '2022-09-16', '13:53:48', 'usuarios', 'login', 3, 0, 'login'),
(293, '2022-09-16', '14:45:29', 'usuarios', 'login', 4, 0, 'login'),
(294, '2022-09-16', '14:52:43', 'usuarios', 'login', 31, 0, 'login'),
(295, '2022-09-16', '14:55:33', 'solicitacao', 'inserção', 31, 129, 'Computador'),
(296, '2022-09-16', '15:07:05', 'usuarios', 'login', 2, 0, 'login'),
(297, '2022-09-19', '10:30:27', 'usuarios', 'login', 44, 0, 'login'),
(298, '2022-09-19', '10:32:44', 'solicitacao', 'inserção', 44, 130, 'Internet'),
(299, '2022-09-19', '10:36:09', 'usuarios', 'login', 4, 0, 'login'),
(300, '2022-09-19', '10:55:08', 'usuarios', 'login', 3, 0, 'login'),
(301, '2022-09-19', '11:00:56', 'usuarios', 'login', 3, 0, 'login'),
(302, '2022-09-19', '11:02:39', 'usuarios', 'logout', 3, 0, 'logout'),
(303, '2022-09-19', '11:09:26', 'usuarios', 'login', 44, 0, 'login'),
(304, '2022-09-19', '11:25:13', 'usuarios', 'login', 73, 0, 'login'),
(305, '2022-09-19', '11:25:46', 'solicitacao', 'inserção', 73, 131, 'Rede interna'),
(306, '2022-09-19', '11:26:20', 'usuarios', 'login', 4, 0, 'login'),
(307, '2022-09-19', '11:40:08', 'usuarios', 'login', 16, 0, 'login'),
(308, '2022-09-19', '11:52:08', 'usuarios', 'login', 3, 0, 'login'),
(309, '2022-09-19', '12:10:49', 'usuarios', 'login', 58, 0, 'login'),
(310, '2022-09-19', '12:12:12', 'solicitacao', 'inserção', 58, 132, 'Rede interna'),
(311, '2022-09-19', '12:15:20', 'usuarios', 'login', 4, 0, 'login'),
(312, '2022-09-19', '13:43:08', 'usuarios', 'login', 27, 0, 'login'),
(313, '2022-09-19', '13:44:00', 'usuarios', 'login', 16, 0, 'login'),
(314, '2022-09-19', '14:25:31', 'usuarios', 'login', 16, 0, 'login'),
(315, '2022-09-19', '16:17:20', 'usuarios', 'login', 1, 0, 'login'),
(316, '2022-09-19', '16:35:41', 'usuarios', 'login', 44, 0, 'login'),
(317, '2022-09-19', '16:37:55', 'solicitacao', 'inserção', 44, 133, 'Computador'),
(318, '2022-09-19', '16:55:39', 'usuarios', 'login', 26, 0, 'login'),
(319, '2022-09-19', '17:10:36', 'usuarios', 'login', 7, 0, 'login'),
(320, '2022-09-20', '09:12:56', 'usuarios', 'login', 3, 0, 'login'),
(321, '2022-09-20', '09:14:37', 'usuarios', 'logout', 3, 0, 'logout'),
(322, '2022-09-20', '09:17:46', 'usuarios', 'login', 65, 0, 'login'),
(323, '2022-09-20', '09:22:08', 'solicitacao', 'inserção', 65, 134, 'Computador'),
(324, '2022-09-20', '09:23:48', 'usuarios', 'login', 4, 0, 'login'),
(325, '2022-09-20', '09:44:48', 'usuarios', 'login', 16, 0, 'login'),
(326, '2022-09-20', '09:47:43', 'usuarios', 'login', 26, 0, 'login'),
(327, '2022-09-20', '09:56:03', 'usuarios', 'login', 107, 0, 'login'),
(328, '2022-09-20', '09:57:02', 'solicitacao', 'inserção', 107, 135, 'Outros'),
(329, '2022-09-20', '10:13:46', 'usuarios', 'login', 3, 0, 'login'),
(330, '2022-09-20', '10:16:45', 'usuarios', 'login', 3, 0, 'login'),
(331, '2022-09-20', '10:17:31', 'usuarios', 'logout', 3, 0, 'logout'),
(332, '2022-09-20', '10:40:08', 'usuarios', 'login', 97, 0, 'login'),
(333, '2022-09-20', '10:40:37', 'usuarios', 'login', 97, 0, 'login'),
(334, '2022-09-20', '10:41:52', 'solicitacao', 'inserção', 97, 136, 'Outros'),
(335, '2022-09-20', '10:42:55', 'usuarios', 'login', 4, 0, 'login'),
(336, '2022-09-20', '10:43:22', 'usuarios', 'login', 1, 0, 'login'),
(337, '2022-09-20', '11:56:27', 'usuarios', 'login', 4, 0, 'login'),
(338, '2022-09-20', '11:57:13', 'usuarios', 'login', 16, 0, 'login'),
(339, '2022-09-20', '14:07:54', 'usuarios', 'login', 27, 0, 'login'),
(340, '2022-09-21', '08:47:33', 'usuarios', 'login', 3, 0, 'login'),
(341, '2022-09-21', '09:05:07', 'usuarios', 'login', 102, 0, 'login'),
(342, '2022-09-21', '09:07:40', 'solicitacao', 'inserção', 102, 137, 'Computador'),
(343, '2022-09-21', '09:08:23', 'usuarios', 'login', 26, 0, 'login'),
(344, '2022-09-21', '09:08:37', 'usuarios', 'login', 1, 0, 'login'),
(345, '2022-09-21', '09:08:51', 'solicitacao', 'inserção', 102, 138, 'Computador'),
(346, '2022-09-21', '09:09:02', 'solicitacao', 'inserção', 102, 139, 'Computador'),
(347, '2022-09-21', '09:12:42', 'solicitacao', 'exclusão', 102, 138, 'Computador'),
(348, '2022-09-21', '09:16:31', 'usuarios', 'login', 3, 0, 'login'),
(349, '2022-09-21', '09:19:06', 'usuarios', 'logout', 102, 0, 'logout'),
(350, '2022-09-21', '10:22:02', 'usuarios', 'login', 74, 0, 'login'),
(351, '2022-09-21', '10:24:58', 'solicitacao', 'inserção', 74, 140, 'Computador'),
(352, '2022-09-21', '10:26:07', 'usuarios', 'login', 26, 0, 'login'),
(353, '2022-09-21', '11:05:11', 'usuarios', 'login', 35, 0, 'login'),
(354, '2022-09-21', '11:06:14', 'solicitacao', 'inserção', 35, 141, 'Software'),
(355, '2022-09-21', '11:08:25', 'usuarios', 'login', 3, 0, 'login'),
(356, '2022-09-21', '11:09:23', 'usuarios', 'logout', 3, 0, 'logout'),
(357, '2022-09-21', '11:09:52', 'usuarios', 'login', 44, 0, 'login'),
(358, '2022-09-21', '11:11:15', 'usuarios', 'login', 16, 0, 'login'),
(359, '2022-09-21', '11:18:56', 'solicitacao', 'inserção', 44, 142, 'Rede interna'),
(360, '2022-09-21', '11:26:00', 'usuarios', 'login', 3, 0, 'login'),
(361, '2022-09-21', '11:27:34', 'usuarios', 'login', 3, 0, 'login'),
(362, '2022-09-21', '11:31:56', 'usuarios', 'login', 3, 0, 'login'),
(363, '2022-09-21', '11:36:17', 'usuarios', 'login', 2, 0, 'login'),
(364, '2022-09-21', '11:59:49', 'usuarios', 'logout', 3, 0, 'logout'),
(365, '2022-09-21', '12:10:37', 'usuarios', 'login', 97, 0, 'login'),
(366, '2022-09-21', '12:13:23', 'solicitacao', 'inserção', 97, 143, 'Outros'),
(367, '2022-09-21', '12:13:35', 'usuarios', 'login', 26, 0, 'login'),
(368, '2022-09-21', '12:13:39', 'usuarios', 'login', 1, 0, 'login'),
(369, '2022-09-21', '12:14:41', 'usuarios', 'login', 16, 0, 'login'),
(370, '2022-09-21', '13:00:57', 'usuarios', 'login', 27, 0, 'login'),
(371, '2022-09-22', '08:21:48', 'usuarios', 'login', 26, 0, 'login'),
(372, '2022-09-22', '09:52:02', 'usuarios', 'login', 1, 0, 'login'),
(373, '2022-09-22', '11:42:11', 'usuarios', 'login', 74, 0, 'login'),
(374, '2022-09-22', '11:42:37', 'solicitacao', 'inserção', 74, 144, 'Computador'),
(375, '2022-09-22', '11:51:18', 'usuarios', 'login', 1, 0, 'login'),
(376, '2022-09-22', '12:54:20', 'usuarios', 'login', 26, 0, 'login'),
(377, '2022-09-22', '12:59:42', 'usuarios', 'login', 108, 0, 'login'),
(378, '2022-09-22', '13:00:33', 'solicitacao', 'inserção', 108, 145, 'Outros'),
(379, '2022-09-22', '13:14:16', 'usuarios', 'login', 16, 0, 'login'),
(380, '2022-09-22', '13:15:06', 'usuarios', 'login', 3, 0, 'login'),
(381, '2022-09-22', '13:16:31', 'usuarios', 'logout', 3, 0, 'logout'),
(382, '2022-09-22', '14:15:45', 'usuarios', 'login', 3, 0, 'login'),
(383, '2022-09-23', '09:20:21', 'usuarios', 'login', 100, 0, 'login'),
(384, '2022-09-23', '09:21:55', 'solicitacao', 'inserção', 100, 146, 'Login'),
(385, '2022-09-23', '09:23:35', 'usuarios', 'login', 4, 0, 'login'),
(386, '2022-09-23', '09:23:40', 'usuarios', 'login', 26, 0, 'login'),
(387, '2022-09-23', '11:43:15', 'usuarios', 'login', 26, 0, 'login'),
(388, '2022-09-23', '11:55:38', 'usuarios', 'login', 1, 0, 'login'),
(389, '2022-09-23', '11:56:58', 'usuarios', 'login', 99, 0, 'login'),
(390, '2022-09-23', '12:05:27', 'solicitacao', 'inserção', 99, 147, 'Internet'),
(391, '2022-09-23', '12:06:21', 'usuarios', 'logout', 99, 0, 'logout'),
(392, '2022-09-23', '12:09:17', 'usuarios', 'login', 2, 0, 'login'),
(393, '2022-09-23', '12:13:42', 'usuarios', 'login', 4, 0, 'login'),
(394, '2022-09-23', '13:47:20', 'usuarios', 'login', 77, 0, 'login'),
(395, '2022-09-23', '13:49:02', 'solicitacao', 'inserção', 77, 148, 'Documentos'),
(396, '2022-09-23', '13:52:51', 'usuarios', 'login', 1, 0, 'login'),
(397, '2022-09-23', '14:09:03', 'usuarios', 'login', 3, 0, 'login'),
(398, '2022-09-23', '14:09:26', 'usuarios', 'logout', 3, 0, 'logout'),
(399, '2022-09-23', '14:10:27', 'usuarios', 'login', 16, 0, 'login'),
(400, '2022-09-23', '16:46:10', 'usuarios', 'login', 45, 0, 'login'),
(401, '2022-09-26', '09:05:55', 'usuarios', 'login', 3, 0, 'login'),
(402, '2022-09-26', '09:33:42', 'usuarios', 'login', 100, 0, 'login'),
(403, '2022-09-26', '09:35:13', 'solicitacao', 'inserção', 100, 149, 'Login'),
(404, '2022-09-26', '09:37:35', 'usuarios', 'login', 47, 0, 'login'),
(405, '2022-09-26', '09:48:24', 'usuarios', 'login', 26, 0, 'login'),
(406, '2022-09-26', '09:59:10', 'usuarios', 'login', 3, 0, 'login'),
(407, '2022-09-26', '10:03:23', 'solicitacao', 'inserção', 47, 150, 'Software'),
(408, '2022-09-26', '10:04:37', 'usuarios', 'logout', 47, 0, 'logout'),
(409, '2022-09-26', '10:22:39', 'usuarios', 'login', 97, 0, 'login'),
(410, '2022-09-26', '10:25:01', 'usuarios', 'login', 4, 0, 'login'),
(411, '2022-09-26', '10:25:54', 'solicitacao', 'inserção', 97, 151, 'Outros'),
(412, '2022-09-26', '10:47:07', 'usuarios', 'login', 1, 0, 'login'),
(413, '2022-09-26', '11:21:59', 'usuarios', 'login', 68, 0, 'login'),
(414, '2022-09-26', '11:22:30', 'solicitacao', 'inserção', 68, 152, 'Impressora'),
(415, '2022-09-26', '11:28:04', 'usuarios', 'login', 4, 0, 'login'),
(416, '2022-09-26', '11:28:52', 'usuarios', 'login', 66, 0, 'login'),
(417, '2022-09-26', '11:29:50', 'solicitacao', 'inserção', 66, 153, 'Outros'),
(418, '2022-09-26', '11:38:49', 'usuarios', 'login', 26, 0, 'login'),
(419, '2022-09-26', '12:24:21', 'usuarios', 'login', 2, 0, 'login'),
(420, '2022-09-26', '12:33:29', 'usuarios', 'login', 3, 0, 'login'),
(421, '2022-09-26', '12:34:51', 'usuarios', 'logout', 3, 0, 'logout'),
(422, '2022-09-26', '14:04:15', 'usuarios', 'login', 4, 0, 'login'),
(423, '2022-09-27', '09:01:10', 'usuarios', 'login', 26, 0, 'login'),
(424, '2022-09-27', '09:07:41', 'usuarios', 'login', 74, 0, 'login'),
(425, '2022-09-27', '09:09:32', 'solicitacao', 'inserção', 74, 154, 'Computador'),
(426, '2022-09-27', '09:39:35', 'usuarios', 'login', 4, 0, 'login'),
(427, '2022-09-27', '09:40:19', 'usuarios', 'login', 3, 0, 'login'),
(428, '2022-09-27', '09:51:09', 'usuarios', 'login', 16, 0, 'login'),
(429, '2022-09-27', '10:07:18', 'usuarios', 'login', 99, 0, 'login'),
(430, '2022-09-27', '10:14:57', 'solicitacao', 'inserção', 99, 155, 'Impressora'),
(431, '2022-09-27', '10:15:43', 'usuarios', 'logout', 99, 0, 'logout'),
(432, '2022-09-27', '10:15:45', 'usuarios', 'login', 4, 0, 'login'),
(433, '2022-09-27', '10:16:06', 'usuarios', 'login', 26, 0, 'login'),
(434, '2022-09-27', '10:31:06', 'usuarios', 'login', 3, 0, 'login'),
(435, '2022-09-27', '11:10:28', 'usuarios', 'login', 66, 0, 'login'),
(436, '2022-09-27', '11:11:40', 'solicitacao', 'inserção', 66, 156, 'Computador'),
(437, '2022-09-27', '11:13:26', 'usuarios', 'login', 4, 0, 'login'),
(438, '2022-09-27', '11:22:41', 'usuarios', 'login', 74, 0, 'login'),
(439, '2022-09-27', '11:35:49', 'usuarios', 'login', 58, 0, 'login'),
(440, '2022-09-27', '11:37:02', 'solicitacao', 'inserção', 58, 157, 'Rede interna'),
(441, '2022-09-27', '11:41:45', 'usuarios', 'login', 3, 0, 'login'),
(442, '2022-09-27', '11:49:28', 'usuarios', 'login', 3, 0, 'login'),
(443, '2022-09-27', '12:15:14', 'usuarios', 'login', 26, 0, 'login'),
(444, '2022-09-27', '12:31:20', 'usuarios', 'login', 3, 0, 'login'),
(445, '2022-09-28', '08:30:37', 'usuarios', 'login', 3, 0, 'login'),
(446, '2022-09-28', '08:41:20', 'usuarios', 'login', 26, 0, 'login'),
(447, '2022-09-28', '09:08:22', 'usuarios', 'login', 36, 0, 'login'),
(448, '2022-09-28', '09:09:24', 'solicitacao', 'inserção', 36, 158, 'Impressora'),
(449, '2022-09-28', '09:11:04', 'usuarios', 'login', 4, 0, 'login'),
(450, '2022-09-28', '09:16:50', 'usuarios', 'login', 3, 0, 'login'),
(451, '2022-09-28', '09:46:00', 'usuarios', 'login', 16, 0, 'login'),
(452, '2022-09-28', '09:53:36', 'usuarios', 'login', 26, 0, 'login'),
(453, '2022-09-28', '09:55:27', 'usuarios', 'login', 95, 0, 'login'),
(454, '2022-09-28', '09:55:57', 'usuarios', 'logout', 95, 0, 'logout'),
(455, '2022-09-28', '09:56:27', 'usuarios', 'login', 95, 0, 'login'),
(456, '2022-09-28', '09:58:13', 'solicitacao', 'inserção', 95, 159, 'Outros'),
(457, '2022-09-28', '09:59:52', 'usuarios', 'login', 4, 0, 'login'),
(458, '2022-09-28', '10:01:50', 'usuarios', 'login', 3, 0, 'login'),
(459, '2022-09-28', '12:20:20', 'usuarios', 'login', 3, 0, 'login'),
(460, '2022-09-28', '13:01:02', 'usuarios', 'login', 44, 0, 'login'),
(461, '2022-09-28', '13:04:51', 'solicitacao', 'inserção', 44, 160, 'Login'),
(462, '2022-09-28', '13:05:48', 'usuarios', 'login', 16, 0, 'login'),
(463, '2022-09-28', '13:05:49', 'usuarios', 'login', 4, 0, 'login'),
(464, '2022-09-28', '13:05:55', 'usuarios', 'login', 26, 0, 'login'),
(465, '2022-09-28', '13:08:05', 'usuarios', 'login', 3, 0, 'login'),
(466, '2022-09-28', '13:11:26', 'usuarios', 'login', 3, 0, 'login'),
(467, '2022-09-28', '13:11:38', 'usuarios', 'login', 3, 0, 'login'),
(468, '2022-09-28', '13:19:19', 'usuarios', 'login', 105, 0, 'login'),
(469, '2022-09-28', '13:20:08', 'solicitacao', 'inserção', 105, 161, 'Computador'),
(470, '2022-09-28', '13:24:32', 'usuarios', 'login', 2, 0, 'login'),
(471, '2022-09-28', '14:06:45', 'usuarios', 'login', 16, 0, 'login'),
(472, '2022-09-28', '14:56:12', 'usuarios', 'login', 58, 0, 'login'),
(473, '2022-09-28', '14:57:03', 'solicitacao', 'inserção', 58, 162, 'Outros'),
(474, '2022-09-28', '14:59:58', 'usuarios', 'login', 4, 0, 'login'),
(475, '2022-09-29', '09:13:26', 'usuarios', 'login', 100, 0, 'login'),
(476, '2022-09-29', '09:14:26', 'solicitacao', 'inserção', 100, 163, 'Login'),
(477, '2022-09-29', '09:25:51', 'usuarios', 'login', 4, 0, 'login'),
(478, '2022-09-29', '09:34:27', 'usuarios', 'login', 3, 0, 'login'),
(479, '2022-09-29', '09:35:25', 'usuarios', 'logout', 3, 0, 'logout'),
(480, '2022-09-29', '10:24:17', 'usuarios', 'login', 26, 0, 'login'),
(481, '2022-09-29', '10:31:33', 'usuarios', 'login', 54, 0, 'login'),
(482, '2022-09-29', '10:33:41', 'usuarios', 'login', 54, 0, 'login'),
(483, '2022-09-29', '10:35:07', 'usuarios', 'login', 4, 0, 'login'),
(484, '2022-09-29', '10:35:32', 'solicitacao', 'inserção', 54, 164, 'Computador'),
(485, '2022-09-29', '13:14:35', 'usuarios', 'login', 16, 0, 'login'),
(486, '2022-09-29', '16:44:39', 'usuarios', 'login', 4, 0, 'login'),
(487, '2022-09-30', '09:39:19', 'usuarios', 'login', 3, 0, 'login'),
(488, '2022-09-30', '09:44:34', 'usuarios', 'login', 3, 0, 'login'),
(489, '2022-09-30', '10:37:14', 'usuarios', 'login', 37, 0, 'login'),
(490, '2022-09-30', '11:35:52', 'usuarios', 'login', 3, 0, 'login'),
(491, '2022-09-30', '11:40:20', 'usuarios', 'logout', 3, 0, 'logout'),
(492, '2022-09-30', '11:50:39', 'usuarios', 'login', 60, 0, 'login'),
(493, '2022-09-30', '11:53:20', 'solicitacao', 'inserção', 60, 165, 'Computador'),
(494, '2022-09-30', '11:54:23', 'usuarios', 'login', 4, 0, 'login'),
(495, '2022-09-30', '11:55:04', 'usuarios', 'login', 3, 0, 'login'),
(496, '2022-09-30', '12:43:00', 'usuarios', 'login', 3, 0, 'login'),
(497, '2022-09-30', '12:43:17', 'usuarios', 'logout', 3, 0, 'logout'),
(498, '2022-09-30', '12:47:21', 'usuarios', 'login', 3, 0, 'login'),
(499, '2022-09-30', '12:55:31', 'usuarios', 'login', 27, 0, 'login'),
(500, '2022-10-03', '09:18:52', 'usuarios', 'login', 3, 0, 'login'),
(501, '2022-10-03', '09:44:50', 'usuarios', 'login', 74, 0, 'login'),
(502, '2022-10-03', '09:45:35', 'solicitacao', 'inserção', 74, 166, 'Rede interna'),
(503, '2022-10-03', '09:46:18', 'usuarios', 'login', 4, 0, 'login'),
(504, '2022-10-03', '09:46:32', 'usuarios', 'login', 16, 0, 'login'),
(505, '2022-10-03', '10:51:21', 'usuarios', 'login', 44, 0, 'login'),
(506, '2022-10-03', '10:52:37', 'solicitacao', 'inserção', 44, 167, 'Impressora'),
(507, '2022-10-03', '10:56:55', 'usuarios', 'login', 4, 0, 'login'),
(508, '2022-10-03', '11:05:08', 'usuarios', 'login', 3, 0, 'login'),
(509, '2022-10-03', '12:07:26', 'usuarios', 'login', 3, 0, 'login'),
(510, '2022-10-03', '12:07:31', 'usuarios', 'logout', 3, 0, 'logout'),
(511, '2022-10-04', '09:07:59', 'usuarios', 'login', 47, 0, 'login'),
(512, '2022-10-04', '09:09:37', 'solicitacao', 'inserção', 47, 168, 'Internet'),
(513, '2022-10-04', '09:10:36', 'usuarios', 'login', 4, 0, 'login'),
(514, '2022-10-04', '10:50:06', 'usuarios', 'login', 35, 0, 'login'),
(515, '2022-10-04', '10:55:12', 'solicitacao', 'inserção', 35, 169, 'Login'),
(516, '2022-10-04', '10:57:33', 'usuarios', 'login', 60, 0, 'login'),
(517, '2022-10-04', '11:14:33', 'usuarios', 'login', 4, 0, 'login'),
(518, '2022-10-04', '11:21:40', 'usuarios', 'login', 1, 0, 'login'),
(519, '2022-10-04', '11:23:42', 'usuarios', 'login', 111, 0, 'login'),
(520, '2022-10-04', '11:26:31', 'solicitacao', 'inserção', 111, 170, 'Internet'),
(521, '2022-10-04', '11:46:51', 'usuarios', 'login', 16, 0, 'login'),
(522, '2022-10-04', '11:51:25', 'usuarios', 'login', 68, 0, 'login'),
(523, '2022-10-04', '11:52:01', 'solicitacao', 'inserção', 68, 171, 'Internet'),
(524, '2022-10-04', '11:56:16', 'usuarios', 'login', 26, 0, 'login'),
(525, '2022-10-04', '11:56:58', 'usuarios', 'login', 2, 0, 'login'),
(526, '2022-10-04', '12:35:37', 'usuarios', 'login', 3, 0, 'login'),
(527, '2022-10-04', '12:58:17', 'usuarios', 'login', 1, 0, 'login'),
(528, '2022-10-04', '12:58:59', 'usuarios', 'login', 112, 0, 'login'),
(529, '2022-10-04', '13:01:26', 'usuarios', 'login', 4, 0, 'login'),
(530, '2022-10-04', '13:03:11', 'solicitacao', 'inserção', 112, 172, 'Computador'),
(531, '2022-10-04', '13:07:38', 'usuarios', 'login', 112, 0, 'login'),
(532, '2022-10-04', '13:07:58', 'usuarios', 'login', 16, 0, 'login'),
(533, '2022-10-04', '13:16:05', 'usuarios', 'login', 3, 0, 'login'),
(534, '2022-10-04', '14:13:47', 'usuarios', 'login', 16, 0, 'login'),
(535, '2022-10-04', '15:01:51', 'usuarios', 'login', 4, 0, 'login'),
(536, '2022-10-04', '17:01:13', 'usuarios', 'login', 80, 0, 'login'),
(537, '2022-10-04', '17:02:06', 'solicitacao', 'inserção', 80, 173, 'Impressora'),
(538, '2022-10-04', '17:03:26', 'solicitacao', 'inserção', 80, 174, 'Impressora'),
(539, '2022-10-04', '17:10:52', 'usuarios', 'login', 1, 0, 'login'),
(540, '2022-10-04', '17:11:25', 'usuarios', 'login', 26, 0, 'login'),
(541, '2022-10-06', '09:26:35', 'usuarios', 'login', 16, 0, 'login'),
(542, '2022-10-06', '09:36:11', 'usuarios', 'login', 4, 0, 'login'),
(543, '2022-10-06', '11:07:05', 'usuarios', 'login', 3, 0, 'login'),
(544, '2022-10-06', '12:23:39', 'usuarios', 'login', 3, 0, 'login'),
(545, '2022-10-07', '09:15:06', 'usuarios', 'login', 1, 0, 'login'),
(546, '2022-10-07', '09:29:09', 'usuarios', 'login', 74, 0, 'login'),
(547, '2022-10-07', '09:29:34', 'solicitacao', 'inserção', 74, 174, 'Internet'),
(548, '2022-10-07', '09:39:17', 'usuarios', 'login', 4, 0, 'login'),
(549, '2022-10-07', '09:41:07', 'usuarios', 'login', 16, 0, 'login'),
(550, '2022-10-07', '10:29:19', 'usuarios', 'login', 16, 0, 'login'),
(551, '2022-10-07', '10:44:25', 'usuarios', 'login', 63, 0, 'login'),
(552, '2022-10-07', '10:46:09', 'solicitacao', 'inserção', 63, 175, 'Computador'),
(553, '2022-10-07', '10:50:00', 'usuarios', 'login', 4, 0, 'login'),
(554, '2022-10-07', '11:05:01', 'usuarios', 'login', 3, 0, 'login'),
(555, '2022-10-07', '11:05:52', 'usuarios', 'logout', 3, 0, 'logout'),
(556, '2022-10-07', '12:37:40', 'usuarios', 'login', 4, 0, 'login'),
(557, '2022-10-07', '12:46:32', 'usuarios', 'login', 16, 0, 'login'),
(558, '2022-10-07', '13:30:15', 'usuarios', 'login', 3, 0, 'login'),
(559, '2022-10-07', '15:03:41', 'usuarios', 'login', 27, 0, 'login'),
(560, '2022-10-10', '09:26:25', 'usuarios', 'login', 16, 0, 'login'),
(561, '2022-10-10', '09:29:00', 'usuarios', 'login', 4, 0, 'login'),
(562, '2022-10-10', '09:55:27', 'usuarios', 'logout', 16, 0, 'logout'),
(563, '2022-10-10', '09:56:14', 'usuarios', 'login', 100, 0, 'login'),
(564, '2022-10-10', '09:57:17', 'usuarios', 'login', 16, 0, 'login'),
(565, '2022-10-10', '09:57:29', 'solicitacao', 'inserção', 100, 176, 'Login'),
(566, '2022-10-10', '10:07:38', 'usuarios', 'login', 1, 0, 'login'),
(567, '2022-10-10', '10:08:49', 'usuarios', 'login', 113, 0, 'login'),
(568, '2022-10-10', '10:50:41', 'usuarios', 'login', 16, 0, 'login'),
(569, '2022-10-10', '12:13:10', 'usuarios', 'login', 16, 0, 'login'),
(570, '2022-10-10', '12:26:38', 'usuarios', 'login', 80, 0, 'login'),
(571, '2022-10-10', '12:27:43', 'solicitacao', 'inserção', 80, 177, 'Impressora'),
(572, '2022-10-10', '12:28:58', 'usuarios', 'login', 4, 0, 'login'),
(573, '2022-10-10', '12:31:07', 'usuarios', 'login', 3, 0, 'login'),
(574, '2022-10-10', '12:38:04', 'usuarios', 'login', 3, 0, 'login'),
(575, '2022-10-10', '12:38:18', 'usuarios', 'logout', 3, 0, 'logout'),
(576, '2022-10-10', '12:56:33', 'usuarios', 'login', 113, 0, 'login'),
(577, '2022-10-10', '13:03:35', 'usuarios', 'login', 3, 0, 'login'),
(578, '2022-10-11', '08:30:51', 'usuarios', 'login', 4, 0, 'login'),
(579, '2022-10-11', '11:33:38', 'usuarios', 'login', 60, 0, 'login'),
(580, '2022-10-11', '11:34:35', 'solicitacao', 'inserção', 60, 178, 'Impressora'),
(581, '2022-10-11', '11:39:20', 'usuarios', 'login', 4, 0, 'login'),
(582, '2022-10-11', '11:44:44', 'usuarios', 'login', 1, 0, 'login'),
(583, '2022-10-11', '11:48:37', 'usuarios', 'login', 6, 0, 'login'),
(584, '2022-10-11', '11:50:36', 'solicitacao', 'inserção', 6, 179, 'Impressora'),
(585, '2022-10-11', '11:57:02', 'solicitacao', 'exclusão', 6, 179, 'Impressora'),
(586, '2022-10-11', '12:06:02', 'usuarios', 'login', 24, 0, 'login'),
(587, '2022-10-11', '12:07:03', 'solicitacao', 'inserção', 24, 180, 'Outros'),
(588, '2022-10-11', '12:27:16', 'usuarios', 'login', 3, 0, 'login'),
(589, '2022-10-11', '12:45:34', 'usuarios', 'login', 105, 0, 'login'),
(590, '2022-10-11', '12:47:35', 'solicitacao', 'inserção', 105, 181, 'Computador'),
(591, '2022-10-11', '13:10:55', 'usuarios', 'login', 1, 0, 'login'),
(592, '2022-10-11', '13:15:35', 'usuarios', 'login', 3, 0, 'login'),
(593, '2022-10-11', '15:16:18', 'usuarios', 'login', 4, 0, 'login'),
(594, '2022-10-13', '08:54:41', 'usuarios', 'login', 3, 0, 'login'),
(595, '2022-10-13', '09:31:17', 'usuarios', 'login', 16, 0, 'login'),
(596, '2022-10-13', '10:10:28', 'usuarios', 'login', 1, 0, 'login'),
(597, '2022-10-13', '10:13:18', 'usuarios', 'login', 114, 0, 'login'),
(598, '2022-10-13', '10:14:20', 'usuarios', 'logout', 114, 0, 'logout'),
(599, '2022-10-13', '10:14:35', 'usuarios', 'login', 114, 0, 'login'),
(600, '2022-10-13', '10:15:32', 'solicitacao', 'inserção', 114, 182, 'Impressora'),
(601, '2022-10-13', '10:17:03', 'usuarios', 'login', 114, 0, 'login'),
(602, '2022-10-13', '10:18:11', 'usuarios', 'login', 4, 0, 'login'),
(603, '2022-10-13', '10:18:42', 'usuarios', 'login', 3, 0, 'login'),
(604, '2022-10-13', '12:29:09', 'usuarios', 'login', 69, 0, 'login'),
(605, '2022-10-13', '12:29:45', 'solicitacao', 'inserção', 69, 183, 'Internet'),
(606, '2022-10-13', '12:38:50', 'usuarios', 'login', 4, 0, 'login'),
(607, '2022-10-13', '12:39:26', 'usuarios', 'login', 69, 0, 'login'),
(608, '2022-10-13', '13:12:58', 'usuarios', 'login', 2, 0, 'login'),
(609, '2022-10-14', '09:12:45', 'usuarios', 'login', 4, 0, 'login'),
(610, '2022-10-14', '10:26:05', 'usuarios', 'login', 30, 0, 'login'),
(611, '2022-10-14', '11:24:46', 'usuarios', 'login', 74, 0, 'login'),
(612, '2022-10-14', '11:25:34', 'solicitacao', 'inserção', 74, 184, 'Computador'),
(613, '2022-10-14', '11:32:11', 'usuarios', 'login', 4, 0, 'login'),
(614, '2022-10-14', '11:40:54', 'usuarios', 'login', 16, 0, 'login'),
(615, '2022-10-14', '13:06:40', 'usuarios', 'login', 27, 0, 'login'),
(616, '2022-10-14', '15:55:16', 'usuarios', 'login', 100, 0, 'login'),
(617, '2022-10-14', '15:55:39', 'solicitacao', 'inserção', 100, 185, 'Impressora'),
(618, '2022-10-14', '16:07:21', 'usuarios', 'login', 1, 0, 'login'),
(619, '2022-10-14', '16:15:01', 'usuarios', 'login', 26, 0, 'login'),
(620, '2022-10-14', '16:50:06', 'usuarios', 'login', 26, 0, 'login'),
(621, '2022-10-17', '09:04:51', 'usuarios', 'login', 3, 0, 'login'),
(622, '2022-10-17', '09:04:59', 'usuarios', 'logout', 3, 0, 'logout'),
(623, '2022-10-17', '09:50:07', 'usuarios', 'login', 60, 0, 'login'),
(624, '2022-10-17', '09:52:11', 'solicitacao', 'inserção', 60, 186, 'Computador'),
(625, '2022-10-17', '09:53:00', 'usuarios', 'login', 4, 0, 'login'),
(626, '2022-10-17', '10:07:42', 'usuarios', 'login', 3, 0, 'login'),
(627, '2022-10-17', '10:48:18', 'usuarios', 'login', 54, 0, 'login'),
(628, '2022-10-17', '10:49:59', 'solicitacao', 'inserção', 54, 187, 'Impressora'),
(629, '2022-10-17', '10:54:47', 'usuarios', 'login', 4, 0, 'login'),
(630, '2022-10-17', '10:55:05', 'usuarios', 'login', 16, 0, 'login'),
(631, '2022-10-17', '10:55:14', 'usuarios', 'login', 26, 0, 'login'),
(632, '2022-10-17', '10:59:12', 'usuarios', 'login', 3, 0, 'login'),
(633, '2022-10-17', '11:00:09', 'usuarios', 'login', 45, 0, 'login'),
(634, '2022-10-17', '11:01:07', 'solicitacao', 'inserção', 45, 188, 'Outros'),
(635, '2022-10-17', '11:12:25', 'usuarios', 'login', 115, 0, 'login'),
(636, '2022-10-17', '11:43:41', 'usuarios', 'login', 27, 0, 'login'),
(637, '2022-10-17', '12:03:58', 'usuarios', 'login', 4, 0, 'login'),
(638, '2022-10-17', '12:51:04', 'usuarios', 'login', 74, 0, 'login'),
(639, '2022-10-17', '13:03:18', 'usuarios', 'login', 3, 0, 'login'),
(640, '2022-10-17', '17:11:23', 'usuarios', 'login', 26, 0, 'login'),
(641, '2022-10-17', '18:00:59', 'usuarios', 'login', 117, 0, 'login'),
(642, '2022-10-17', '18:04:34', 'solicitacao', 'inserção', 117, 189, 'Outros'),
(643, '2022-10-18', '08:39:21', 'usuarios', 'login', 26, 0, 'login'),
(644, '2022-10-18', '08:41:41', 'usuarios', 'login', 4, 0, 'login'),
(645, '2022-10-18', '08:42:05', 'usuarios', 'login', 1, 0, 'login'),
(646, '2022-10-18', '09:05:13', 'usuarios', 'login', 3, 0, 'login'),
(647, '2022-10-18', '09:06:27', 'usuarios', 'logout', 3, 0, 'logout'),
(648, '2022-10-18', '09:53:44', 'usuarios', 'login', 74, 0, 'login'),
(649, '2022-10-18', '09:54:27', 'solicitacao', 'inserção', 74, 190, 'Outros'),
(650, '2022-10-18', '09:56:35', 'usuarios', 'login', 4, 0, 'login'),
(651, '2022-10-18', '10:21:13', 'usuarios', 'login', 3, 0, 'login'),
(652, '2022-10-18', '10:27:30', 'usuarios', 'login', 3, 0, 'login'),
(653, '2022-10-18', '10:46:26', 'usuarios', 'login', 115, 0, 'login'),
(654, '2022-10-18', '10:47:09', 'solicitacao', 'inserção', 115, 191, 'Software'),
(655, '2022-10-18', '10:57:40', 'usuarios', 'login', 4, 0, 'login'),
(656, '2022-10-18', '10:58:56', 'usuarios', 'logout', 3, 0, 'logout'),
(657, '2022-10-18', '11:58:42', 'usuarios', 'login', 4, 0, 'login'),
(658, '2022-10-18', '12:16:16', 'usuarios', 'login', 16, 0, 'login'),
(659, '2022-10-18', '12:43:20', 'usuarios', 'login', 1, 0, 'login'),
(660, '2022-10-18', '12:45:36', 'usuarios', 'login', 118, 0, 'login'),
(661, '2022-10-18', '12:46:41', 'solicitacao', 'inserção', 118, 192, 'Internet'),
(662, '2022-10-18', '12:48:33', 'usuarios', 'login', 3, 0, 'login'),
(663, '2022-10-18', '12:49:10', 'usuarios', 'logout', 3, 0, 'logout'),
(664, '2022-10-18', '13:08:26', 'usuarios', 'login', 27, 0, 'login'),
(665, '2022-10-18', '13:33:20', 'usuarios', 'login', 16, 0, 'login'),
(666, '2022-10-19', '08:40:32', 'usuarios', 'login', 3, 0, 'login'),
(667, '2022-10-19', '10:56:48', 'usuarios', 'login', 1, 0, 'login'),
(668, '2022-10-19', '10:58:54', 'usuarios', 'login', 4, 0, 'login'),
(669, '2022-10-19', '11:04:35', 'usuarios', 'login', 119, 0, 'login'),
(670, '2022-10-19', '11:05:22', 'solicitacao', 'inserção', 119, 193, 'Login'),
(671, '2022-10-19', '11:05:35', 'usuarios', 'logout', 119, 0, 'logout'),
(672, '2022-10-19', '11:05:39', 'usuarios', 'login', 16, 0, 'login'),
(673, '2022-10-19', '11:06:09', 'usuarios', 'logout', 16, 0, 'logout'),
(674, '2022-10-19', '11:06:22', 'usuarios', 'login', 119, 0, 'login'),
(675, '2022-10-19', '11:06:32', 'usuarios', 'logout', 119, 0, 'logout'),
(676, '2022-10-19', '11:13:37', 'usuarios', 'login', 16, 0, 'login'),
(677, '2022-10-19', '12:01:51', 'usuarios', 'login', 4, 0, 'login'),
(678, '2022-10-19', '13:14:36', 'usuarios', 'login', 113, 0, 'login'),
(679, '2022-10-19', '13:15:23', 'solicitacao', 'inserção', 113, 194, 'Impressora'),
(680, '2022-10-19', '13:15:27', 'usuarios', 'logout', 113, 0, 'logout'),
(681, '2022-10-19', '13:16:42', 'usuarios', 'login', 4, 0, 'login'),
(682, '2022-10-19', '13:16:47', 'usuarios', 'login', 1, 0, 'login'),
(683, '2022-10-19', '13:32:27', 'usuarios', 'login', 16, 0, 'login'),
(684, '2022-10-20', '08:50:43', 'usuarios', 'login', 3, 0, 'login'),
(685, '2022-10-20', '08:50:48', 'usuarios', 'logout', 3, 0, 'logout'),
(686, '2022-10-20', '10:05:54', 'usuarios', 'login', 16, 0, 'login'),
(687, '2022-10-20', '11:34:05', 'usuarios', 'login', 4, 0, 'login'),
(688, '2022-10-20', '12:04:13', 'usuarios', 'login', 16, 0, 'login'),
(689, '2022-10-21', '09:09:45', 'usuarios', 'login', 16, 0, 'login'),
(690, '2022-10-21', '10:29:55', 'usuarios', 'login', 59, 0, 'login'),
(691, '2022-10-21', '10:32:21', 'solicitacao', 'inserção', 59, 195, 'Computador'),
(692, '2022-10-21', '10:35:15', 'usuarios', 'login', 41, 0, 'login'),
(693, '2022-10-21', '10:35:55', 'solicitacao', 'inserção', 41, 196, 'Login'),
(694, '2022-10-21', '10:36:11', 'solicitacao', 'exclusão', 41, 196, 'Login'),
(695, '2022-10-21', '10:37:14', 'solicitacao', 'inserção', 41, 197, 'Login'),
(696, '2022-10-21', '10:37:14', 'solicitacao', 'inserção', 41, 198, 'Login'),
(697, '2022-10-21', '10:37:50', 'usuarios', 'logout', 41, 0, 'logout'),
(698, '2022-10-21', '10:37:52', 'usuarios', 'login', 16, 0, 'login'),
(699, '2022-10-21', '11:22:28', 'usuarios', 'login', 4, 0, 'login'),
(700, '2022-10-21', '11:22:56', 'usuarios', 'login', 1, 0, 'login'),
(701, '2022-10-21', '11:46:10', 'usuarios', 'login', 59, 0, 'login'),
(702, '2022-10-21', '12:19:35', 'usuarios', 'login', 1, 0, 'login'),
(703, '2022-10-21', '12:44:27', 'usuarios', 'login', 16, 0, 'login'),
(704, '2022-10-21', '12:49:37', 'usuarios', 'logout', 16, 0, 'logout'),
(705, '2022-10-21', '12:50:19', 'usuarios', 'login', 16, 0, 'login'),
(706, '2022-10-21', '12:54:02', 'usuarios', 'logout', 16, 0, 'logout'),
(707, '2022-10-21', '12:54:11', 'usuarios', 'login', 120, 0, 'login'),
(708, '2022-10-21', '12:54:48', 'solicitacao', 'inserção', 120, 199, 'Outros'),
(709, '2022-10-21', '12:55:02', 'usuarios', 'logout', 120, 0, 'logout'),
(710, '2022-10-21', '12:56:18', 'usuarios', 'login', 16, 0, 'login'),
(711, '2022-10-21', '13:08:23', 'usuarios', 'login', 120, 0, 'login'),
(712, '2022-10-21', '13:26:14', 'usuarios', 'login', 4, 0, 'login'),
(713, '2022-10-21', '13:26:22', 'usuarios', 'login', 16, 0, 'login'),
(714, '2022-10-24', '09:02:20', 'usuarios', 'login', 4, 0, 'login'),
(715, '2022-10-24', '09:02:45', 'usuarios', 'login', 26, 0, 'login'),
(716, '2022-10-24', '09:31:32', 'usuarios', 'login', 53, 0, 'login'),
(717, '2022-10-24', '09:32:46', 'solicitacao', 'inserção', 53, 200, 'Outros'),
(718, '2022-10-24', '09:32:51', 'usuarios', 'logout', 53, 0, 'logout'),
(719, '2022-10-24', '09:35:06', 'usuarios', 'login', 53, 0, 'login'),
(720, '2022-10-24', '09:38:08', 'usuarios', 'login', 53, 0, 'login'),
(721, '2022-10-24', '09:38:23', 'usuarios', 'logout', 53, 0, 'logout'),
(722, '2022-10-24', '09:58:05', 'usuarios', 'login', 16, 0, 'login'),
(723, '2022-10-24', '10:05:34', 'usuarios', 'login', 4, 0, 'login'),
(724, '2022-10-24', '11:01:31', 'usuarios', 'login', 80, 0, 'login'),
(725, '2022-10-24', '11:02:17', 'solicitacao', 'inserção', 80, 201, 'Impressora'),
(726, '2022-10-24', '11:03:37', 'solicitacao', 'inserção', 80, 202, 'Computador'),
(727, '2022-10-24', '11:09:10', 'usuarios', 'login', 4, 0, 'login'),
(728, '2022-10-24', '11:09:19', 'usuarios', 'login', 2, 0, 'login'),
(729, '2022-10-24', '11:09:23', 'usuarios', 'login', 26, 0, 'login');
INSERT INTO `logs` (`id`, `data`, `hora`, `tabela`, `acao`, `usuario`, `id_reg`, `descricao`) VALUES
(730, '2022-10-24', '11:31:58', 'usuarios', 'login', 2, 0, 'login'),
(731, '2022-10-24', '12:41:26', 'usuarios', 'login', 16, 0, 'login'),
(732, '2022-10-24', '16:06:13', 'usuarios', 'login', 4, 0, 'login'),
(733, '2022-10-24', '16:40:19', 'usuarios', 'login', 4, 0, 'login'),
(734, '2022-10-24', '17:31:39', 'usuarios', 'login', 3, 0, 'login'),
(735, '2022-10-25', '10:16:49', 'usuarios', 'login', 1, 0, 'login'),
(736, '2022-10-25', '10:20:12', 'usuarios', 'login', 123, 0, 'login'),
(737, '2022-10-25', '10:21:06', 'solicitacao', 'inserção', 123, 203, 'Rede interna'),
(738, '2022-10-25', '10:41:06', 'usuarios', 'login', 124, 0, 'login'),
(739, '2022-10-25', '10:42:49', 'solicitacao', 'inserção', 124, 204, 'Login'),
(740, '2022-10-25', '10:50:47', 'usuarios', 'login', 3, 0, 'login'),
(741, '2022-10-25', '10:59:00', 'usuarios', 'login', 4, 0, 'login'),
(742, '2022-10-25', '11:01:53', 'usuarios', 'logout', 3, 0, 'logout'),
(743, '2022-10-25', '11:51:42', 'usuarios', 'login', 1, 0, 'login'),
(744, '2022-10-25', '12:09:19', 'usuarios', 'login', 26, 0, 'login'),
(745, '2022-10-25', '12:38:17', 'usuarios', 'login', 122, 0, 'login'),
(746, '2022-10-25', '12:38:28', 'usuarios', 'login', 122, 0, 'login'),
(747, '2022-10-25', '12:42:50', 'solicitacao', 'inserção', 122, 205, 'Outros'),
(748, '2022-10-25', '12:45:54', 'usuarios', 'login', 4, 0, 'login'),
(749, '2022-10-25', '12:46:02', 'usuarios', 'login', 1, 0, 'login'),
(750, '2022-10-25', '12:48:07', 'usuarios', 'login', 122, 0, 'login'),
(751, '2022-10-25', '12:52:59', 'usuarios', 'login', 3, 0, 'login'),
(752, '2022-10-25', '13:53:50', 'usuarios', 'login', 4, 0, 'login'),
(753, '2022-10-25', '14:48:42', 'usuarios', 'login', 1, 0, 'login'),
(754, '2022-10-25', '14:52:19', 'usuarios', 'logout', 1, 0, 'logout'),
(755, '2022-10-25', '15:13:04', 'usuarios', 'login', 97, 0, 'login'),
(756, '2022-10-25', '15:14:45', 'solicitacao', 'inserção', 97, 206, 'Outros'),
(757, '2022-10-25', '15:16:48', 'usuarios', 'login', 4, 0, 'login'),
(758, '2022-10-25', '15:44:20', 'usuarios', 'login', 97, 0, 'login'),
(759, '2022-10-25', '16:12:05', 'usuarios', 'login', 97, 0, 'login'),
(760, '2022-10-25', '16:14:30', 'solicitacao', 'inserção', 97, 207, 'Outros'),
(761, '2022-10-25', '16:47:27', 'usuarios', 'login', 80, 0, 'login'),
(762, '2022-10-25', '16:48:12', 'solicitacao', 'inserção', 80, 208, 'Impressora'),
(763, '2022-10-26', '08:46:11', 'usuarios', 'login', 1, 0, 'login'),
(764, '2022-10-26', '08:52:47', 'usuarios', 'logout', 1, 0, 'logout'),
(765, '2022-10-26', '08:53:02', 'usuarios', 'login', 1, 0, 'login'),
(766, '2022-10-26', '08:53:25', 'usuarios', 'logout', 1, 0, 'logout'),
(767, '2022-10-26', '08:56:04', 'usuarios', 'login', 1, 0, 'login'),
(768, '2022-10-26', '09:19:25', 'usuarios', 'login', 3, 0, 'login'),
(769, '2022-10-26', '09:20:22', 'usuarios', 'logout', 1, 0, 'logout'),
(770, '2022-10-26', '11:06:12', 'usuarios', 'login', 80, 0, 'login'),
(771, '2022-10-26', '11:07:18', 'solicitacao', 'inserção', 80, 209, 'Impressora'),
(772, '2022-10-26', '11:10:15', 'usuarios', 'login', 4, 0, 'login'),
(773, '2022-10-26', '11:13:47', 'usuarios', 'login', 2, 0, 'login'),
(774, '2022-10-26', '11:18:15', 'usuarios', 'login', 3, 0, 'login'),
(775, '2022-10-26', '11:51:31', 'usuarios', 'login', 31, 0, 'login'),
(776, '2022-10-26', '12:22:09', 'usuarios', 'login', 122, 0, 'login'),
(777, '2022-10-26', '12:23:50', 'solicitacao', 'inserção', 122, 210, 'Impressora'),
(778, '2022-10-26', '12:27:34', 'usuarios', 'login', 80, 0, 'login'),
(779, '2022-10-26', '12:29:58', 'usuarios', 'login', 4, 0, 'login'),
(780, '2022-10-26', '12:54:48', 'usuarios', 'login', 123, 0, 'login'),
(781, '2022-10-26', '12:54:54', 'usuarios', 'logout', 123, 0, 'logout'),
(782, '2022-10-26', '12:54:57', 'usuarios', 'login', 123, 0, 'login'),
(783, '2022-10-26', '12:56:35', 'solicitacao', 'inserção', 123, 211, 'Monitor'),
(784, '2022-10-26', '13:04:42', 'usuarios', 'login', 3, 0, 'login'),
(785, '2022-10-26', '13:15:34', 'usuarios', 'logout', 3, 0, 'logout'),
(786, '2022-10-26', '15:25:27', 'usuarios', 'login', 4, 0, 'login'),
(787, '2022-10-26', '16:52:11', 'usuarios', 'login', 45, 0, 'login'),
(788, '2022-10-26', '16:54:02', 'solicitacao', 'inserção', 45, 212, 'Computador'),
(789, '2022-10-27', '09:12:24', 'usuarios', 'login', 4, 0, 'login'),
(790, '2022-10-27', '09:53:53', 'usuarios', 'login', 24, 0, 'login'),
(791, '2022-10-27', '09:56:26', 'solicitacao', 'inserção', 24, 213, 'Impressora'),
(792, '2022-10-27', '10:05:57', 'usuarios', 'login', 4, 0, 'login'),
(793, '2022-10-27', '10:38:00', 'usuarios', 'login', 3, 0, 'login'),
(794, '2022-10-27', '10:57:27', 'usuarios', 'login', 4, 0, 'login'),
(795, '2022-10-27', '11:14:02', 'usuarios', 'login', 1, 0, 'login'),
(796, '2022-10-27', '12:38:20', 'usuarios', 'login', 4, 0, 'login'),
(797, '2022-10-27', '14:01:50', 'usuarios', 'login', 3, 0, 'login'),
(798, '2022-10-27', '14:34:46', 'usuarios', 'login', 24, 0, 'login'),
(799, '2022-10-31', '09:21:05', 'usuarios', 'login', 37, 0, 'login'),
(800, '2022-10-31', '09:22:38', 'solicitacao', 'inserção', 37, 214, 'Computador'),
(801, '2022-10-31', '09:23:38', 'usuarios', 'login', 4, 0, 'login'),
(802, '2022-10-31', '09:36:50', 'usuarios', 'login', 123, 0, 'login'),
(803, '2022-10-31', '09:44:50', 'usuarios', 'login', 123, 0, 'login'),
(804, '2022-10-31', '09:47:56', 'solicitacao', 'inserção', 37, 215, 'Computador'),
(805, '2022-10-31', '12:19:20', 'usuarios', 'login', 4, 0, 'login'),
(806, '2022-10-31', '12:34:59', 'usuarios', 'login', 16, 0, 'login'),
(807, '2022-10-31', '14:12:38', 'usuarios', 'login', 124, 0, 'login'),
(808, '2022-10-31', '14:13:18', 'solicitacao', 'inserção', 124, 216, 'Internet'),
(809, '2022-10-31', '14:14:29', 'usuarios', 'login', 4, 0, 'login'),
(810, '2022-10-31', '15:43:17', 'usuarios', 'login', 3, 0, 'login'),
(811, '2022-10-31', '15:43:38', 'usuarios', 'logout', 3, 0, 'logout'),
(812, '2022-10-31', '16:17:12', 'usuarios', 'login', 97, 0, 'login'),
(813, '2022-10-31', '16:19:46', 'solicitacao', 'inserção', 97, 217, 'Impressora'),
(814, '2022-10-31', '16:30:08', 'usuarios', 'login', 97, 0, 'login'),
(815, '2022-10-31', '17:08:11', 'usuarios', 'login', 1, 0, 'login'),
(816, '2022-10-31', '17:08:51', 'usuarios', 'logout', 1, 0, 'logout'),
(817, '2022-11-01', '09:01:02', 'usuarios', 'login', 64, 0, 'login'),
(818, '2022-11-01', '09:02:26', 'solicitacao', 'inserção', 64, 218, 'Computador'),
(819, '2022-11-01', '09:23:06', 'usuarios', 'login', 59, 0, 'login'),
(820, '2022-11-01', '09:25:54', 'solicitacao', 'inserção', 59, 219, 'Computador'),
(821, '2022-11-01', '09:32:19', 'usuarios', 'login', 4, 0, 'login'),
(822, '2022-11-01', '10:14:42', 'usuarios', 'login', 60, 0, 'login'),
(823, '2022-11-01', '10:17:01', 'solicitacao', 'inserção', 60, 220, 'Internet'),
(824, '2022-11-01', '10:32:47', 'usuarios', 'login', 59, 0, 'login'),
(825, '2022-11-01', '10:34:02', 'usuarios', 'login', 4, 0, 'login'),
(826, '2022-11-01', '10:34:29', 'usuarios', 'login', 1, 0, 'login'),
(827, '2022-11-01', '10:42:51', 'usuarios', 'logout', 1, 0, 'logout'),
(828, '2022-11-01', '11:10:01', 'usuarios', 'login', 59, 0, 'login'),
(829, '2022-11-01', '11:28:54', 'usuarios', 'login', 63, 0, 'login'),
(830, '2022-11-01', '11:30:57', 'solicitacao', 'inserção', 63, 221, 'Rede interna'),
(831, '2022-11-01', '11:32:53', 'usuarios', 'login', 4, 0, 'login'),
(832, '2022-11-01', '11:47:17', 'usuarios', 'login', 1, 0, 'login'),
(833, '2022-11-01', '12:04:01', 'usuarios', 'login', 3, 0, 'login'),
(834, '2022-11-01', '13:00:42', 'usuarios', 'login', 27, 0, 'login'),
(835, '2022-11-01', '13:01:38', 'solicitacao', 'inserção', 27, 222, 'Impressora'),
(836, '2022-11-01', '13:05:07', 'usuarios', 'login', 4, 0, 'login'),
(837, '2022-11-01', '13:41:21', 'usuarios', 'login', 94, 0, 'login'),
(838, '2022-11-01', '13:41:44', 'usuarios', 'login', 6, 0, 'login'),
(839, '2022-11-01', '13:42:41', 'usuarios', 'login', 27, 0, 'login'),
(840, '2022-11-01', '13:43:01', 'usuarios', 'logout', 6, 0, 'logout'),
(841, '2022-11-01', '13:43:06', 'solicitacao', 'inserção', 94, 223, 'Impressora'),
(842, '2022-11-01', '13:56:43', 'usuarios', 'login', 4, 0, 'login'),
(843, '2022-11-01', '14:45:48', 'usuarios', 'login', 3, 0, 'login'),
(844, '2022-11-01', '14:47:13', 'usuarios', 'logout', 3, 0, 'logout'),
(845, '2022-11-01', '16:45:34', 'usuarios', 'login', 58, 0, 'login'),
(846, '2022-11-01', '16:46:33', 'solicitacao', 'inserção', 58, 224, 'Impressora'),
(847, '2022-11-01', '17:32:43', 'usuarios', 'login', 45, 0, 'login'),
(848, '2022-11-01', '17:33:51', 'solicitacao', 'inserção', 45, 225, 'Impressora'),
(849, '2022-11-01', '17:41:14', 'usuarios', 'login', 94, 0, 'login'),
(850, '2022-11-01', '18:01:06', 'solicitacao', 'inserção', 45, 226, 'Impressora'),
(851, '2022-11-01', '18:08:32', 'usuarios', 'login', 1, 0, 'login'),
(852, '2022-11-03', '08:32:38', 'usuarios', 'login', 4, 0, 'login'),
(853, '2022-11-03', '09:20:39', 'usuarios', 'login', 123, 0, 'login'),
(854, '2022-11-03', '09:58:44', 'usuarios', 'login', 3, 0, 'login'),
(855, '2022-11-03', '09:59:42', 'usuarios', 'logout', 3, 0, 'logout'),
(856, '2022-11-03', '10:19:07', 'usuarios', 'login', 2, 0, 'login'),
(857, '2022-11-03', '10:27:03', 'usuarios', 'login', 1, 0, 'login'),
(858, '2022-11-03', '10:45:02', 'usuarios', 'login', 4, 0, 'login'),
(859, '2022-11-03', '12:29:29', 'usuarios', 'login', 37, 0, 'login'),
(860, '2022-11-03', '12:30:33', 'solicitacao', 'inserção', 37, 227, 'Computador'),
(861, '2022-11-03', '12:34:05', 'usuarios', 'login', 1, 0, 'login'),
(862, '2022-11-03', '12:55:01', 'usuarios', 'login', 127, 0, 'login'),
(863, '2022-11-03', '13:52:37', 'usuarios', 'login', 27, 0, 'login'),
(864, '2022-11-03', '13:53:39', 'solicitacao', 'inserção', 27, 228, 'Impressora'),
(865, '2022-11-03', '14:06:26', 'usuarios', 'login', 1, 0, 'login'),
(866, '2022-11-03', '14:40:46', 'usuarios', 'login', 4, 0, 'login'),
(867, '2022-11-03', '14:47:49', 'usuarios', 'login', 44, 0, 'login'),
(868, '2022-11-03', '14:49:25', 'solicitacao', 'inserção', 44, 229, 'Login'),
(869, '2022-11-03', '15:13:33', 'usuarios', 'login', 4, 0, 'login'),
(870, '2022-11-03', '15:59:21', 'usuarios', 'login', 4, 0, 'login'),
(871, '2022-11-03', '16:03:02', 'usuarios', 'login', 58, 0, 'login'),
(872, '2022-11-03', '16:03:02', 'usuarios', 'login', 58, 0, 'login'),
(873, '2022-11-03', '16:04:24', 'solicitacao', 'inserção', 58, 230, 'Monitor'),
(874, '2022-11-03', '16:04:24', 'solicitacao', 'inserção', 58, 231, 'Monitor'),
(875, '2022-11-03', '16:04:24', 'solicitacao', 'inserção', 58, 232, 'Monitor'),
(876, '2022-11-03', '16:04:24', 'solicitacao', 'inserção', 58, 233, 'Monitor'),
(877, '2022-11-03', '16:04:33', 'solicitacao', 'exclusão', 58, 233, 'Monitor'),
(878, '2022-11-03', '16:04:35', 'solicitacao', 'exclusão', 58, 232, 'Monitor'),
(879, '2022-11-03', '16:04:40', 'usuarios', 'login', 1, 0, 'login'),
(880, '2022-11-03', '16:04:42', 'solicitacao', 'exclusão', 58, 231, 'Monitor'),
(881, '2022-11-03', '16:08:47', 'usuarios', 'login', 98, 0, 'login'),
(882, '2022-11-03', '16:10:11', 'solicitacao', 'inserção', 98, 234, 'Computador'),
(883, '2022-11-03', '16:50:54', 'usuarios', 'login', 7, 0, 'login'),
(884, '2022-11-04', '08:56:37', 'usuarios', 'login', 3, 0, 'login'),
(885, '2022-11-04', '08:57:04', 'usuarios', 'logout', 3, 0, 'logout'),
(886, '2022-11-04', '09:15:35', 'usuarios', 'login', 60, 0, 'login'),
(887, '2022-11-04', '09:16:20', 'solicitacao', 'inserção', 60, 235, 'Computador'),
(888, '2022-11-04', '09:20:08', 'usuarios', 'login', 4, 0, 'login'),
(889, '2022-11-04', '09:25:05', 'usuarios', 'login', 3, 0, 'login'),
(890, '2022-11-04', '10:47:08', 'usuarios', 'login', 16, 0, 'login'),
(891, '2022-11-04', '10:48:06', 'usuarios', 'logout', 16, 0, 'logout'),
(892, '2022-11-04', '10:48:37', 'usuarios', 'login', 4, 0, 'login'),
(893, '2022-11-04', '10:52:19', 'usuarios', 'login', 100, 0, 'login'),
(894, '2022-11-04', '10:53:44', 'solicitacao', 'inserção', 100, 236, 'Impressora'),
(895, '2022-11-04', '10:54:15', 'solicitacao', 'inserção', 100, 237, 'Impressora'),
(896, '2022-11-04', '11:38:34', 'usuarios', 'login', 73, 0, 'login'),
(897, '2022-11-04', '11:39:38', 'solicitacao', 'inserção', 73, 238, 'Rede interna'),
(898, '2022-11-04', '11:42:02', 'usuarios', 'login', 4, 0, 'login'),
(899, '2022-11-04', '12:42:28', 'usuarios', 'login', 59, 0, 'login'),
(900, '2022-11-04', '12:43:07', 'solicitacao', 'inserção', 59, 239, 'Impressora'),
(901, '2022-11-04', '12:46:10', 'usuarios', 'login', 4, 0, 'login'),
(902, '2022-11-04', '13:48:16', 'usuarios', 'login', 4, 0, 'login'),
(903, '2022-11-04', '14:31:40', 'usuarios', 'login', 3, 0, 'login'),
(904, '2022-11-04', '14:38:01', 'usuarios', 'login', 27, 0, 'login'),
(905, '2022-11-04', '15:46:53', 'usuarios', 'login', 4, 0, 'login'),
(906, '2022-11-07', '08:47:50', 'usuarios', 'login', 3, 0, 'login'),
(907, '2022-11-07', '10:48:02', 'usuarios', 'login', 4, 0, 'login'),
(908, '2022-11-07', '11:20:56', 'usuarios', 'login', 61, 0, 'login'),
(909, '2022-11-07', '11:22:35', 'solicitacao', 'inserção', 61, 240, 'Computador'),
(910, '2022-11-07', '11:45:55', 'usuarios', 'login', 3, 0, 'login'),
(911, '2022-11-07', '15:16:55', 'usuarios', 'login', 4, 0, 'login'),
(912, '2022-11-08', '09:39:10', 'usuarios', 'login', 26, 0, 'login'),
(913, '2022-11-08', '09:40:14', 'usuarios', 'login', 1, 0, 'login'),
(914, '2022-11-08', '09:47:07', 'usuarios', 'login', 6, 0, 'login'),
(915, '2022-11-08', '09:52:06', 'solicitacao', 'inserção', 6, 241, 'Impressora'),
(916, '2022-11-08', '10:02:26', 'usuarios', 'login', 4, 0, 'login'),
(917, '2022-11-08', '10:28:56', 'usuarios', 'login', 3, 0, 'login'),
(918, '2022-11-08', '10:49:27', 'usuarios', 'login', 16, 0, 'login'),
(919, '2022-11-08', '11:21:22', 'usuarios', 'login', 26, 0, 'login'),
(920, '2022-11-08', '13:43:26', 'usuarios', 'login', 4, 0, 'login'),
(921, '2022-11-09', '10:24:51', 'usuarios', 'login', 4, 0, 'login'),
(922, '2022-11-09', '10:30:06', 'usuarios', 'login', 60, 0, 'login'),
(923, '2022-11-09', '10:30:42', 'solicitacao', 'inserção', 60, 242, 'Login'),
(924, '2022-11-09', '10:55:27', 'usuarios', 'login', 26, 0, 'login'),
(925, '2022-11-09', '11:52:28', 'usuarios', 'login', 130, 0, 'login'),
(926, '2022-11-09', '11:57:21', 'usuarios', 'login', 4, 0, 'login'),
(927, '2022-11-09', '12:05:12', 'solicitacao', 'inserção', 130, 243, 'Computador'),
(928, '2022-11-09', '12:13:30', 'usuarios', 'login', 65, 0, 'login'),
(929, '2022-11-09', '12:14:00', 'solicitacao', 'inserção', 65, 244, 'Internet'),
(930, '2022-11-09', '12:26:23', 'usuarios', 'login', 58, 0, 'login'),
(931, '2022-11-09', '12:27:34', 'solicitacao', 'inserção', 58, 245, 'Rede interna'),
(932, '2022-11-09', '13:38:11', 'usuarios', 'login', 98, 0, 'login'),
(933, '2022-11-09', '13:39:16', 'solicitacao', 'inserção', 98, 246, 'Impressora'),
(934, '2022-11-09', '13:55:02', 'usuarios', 'login', 4, 0, 'login'),
(935, '2022-11-09', '14:00:29', 'usuarios', 'login', 3, 0, 'login'),
(936, '2022-11-09', '14:01:17', 'usuarios', 'logout', 3, 0, 'logout'),
(937, '2022-11-09', '17:52:40', 'usuarios', 'login', 98, 0, 'login'),
(938, '2022-11-09', '17:53:06', 'solicitacao', 'inserção', 98, 247, 'Impressora'),
(939, '2022-11-09', '17:56:53', 'usuarios', 'login', 1, 0, 'login'),
(940, '2022-11-09', '17:56:58', 'usuarios', 'login', 26, 0, 'login'),
(941, '2022-11-09', '18:20:46', 'usuarios', 'login', 7, 0, 'login'),
(942, '2022-11-10', '08:54:39', 'usuarios', 'login', 3, 0, 'login'),
(943, '2022-11-10', '08:54:51', 'usuarios', 'logout', 3, 0, 'logout'),
(944, '2022-11-10', '10:04:13', 'usuarios', 'login', 4, 0, 'login'),
(945, '2022-11-10', '10:18:00', 'usuarios', 'login', 3, 0, 'login'),
(946, '2022-11-10', '10:20:24', 'usuarios', 'login', 1, 0, 'login'),
(947, '2022-11-10', '10:21:23', 'usuarios', 'logout', 1, 0, 'logout'),
(948, '2022-11-10', '10:28:02', 'usuarios', 'login', 6, 0, 'login'),
(949, '2022-11-10', '11:10:49', 'usuarios', 'login', 76, 0, 'login'),
(950, '2022-11-10', '11:11:44', 'solicitacao', 'inserção', 76, 248, 'Impressora'),
(951, '2022-11-10', '11:11:49', 'usuarios', 'logout', 76, 0, 'logout'),
(952, '2022-11-10', '11:14:03', 'usuarios', 'login', 4, 0, 'login'),
(953, '2022-11-10', '12:41:27', 'usuarios', 'login', 16, 0, 'login'),
(954, '2022-11-10', '12:41:54', 'usuarios', 'login', 3, 0, 'login'),
(955, '2022-11-10', '13:22:43', 'usuarios', 'login', 37, 0, 'login'),
(956, '2022-11-10', '13:23:06', 'solicitacao', 'inserção', 37, 249, 'Computador'),
(957, '2022-11-10', '13:28:05', 'usuarios', 'login', 1, 0, 'login'),
(958, '2022-11-10', '13:38:25', 'usuarios', 'login', 3, 0, 'login'),
(959, '2022-11-10', '13:38:49', 'usuarios', 'logout', 3, 0, 'logout'),
(960, '2022-11-10', '14:51:28', 'usuarios', 'login', 4, 0, 'login'),
(961, '2022-11-10', '15:14:07', 'usuarios', 'login', 7, 0, 'login'),
(962, '2022-11-10', '15:14:44', 'usuarios', 'login', 98, 0, 'login'),
(963, '2022-11-10', '15:15:11', 'solicitacao', 'inserção', 98, 250, 'Impressora'),
(964, '2022-11-11', '09:57:37', 'usuarios', 'login', 6, 0, 'login'),
(965, '2022-11-11', '10:01:41', 'solicitacao', 'inserção', 6, 251, 'Impressora'),
(966, '2022-11-11', '10:14:16', 'usuarios', 'login', 50, 0, 'login'),
(967, '2022-11-11', '10:15:53', 'solicitacao', 'inserção', 50, 252, 'Login'),
(968, '2022-11-11', '10:26:49', 'usuarios', 'login', 59, 0, 'login'),
(969, '2022-11-11', '10:27:20', 'solicitacao', 'inserção', 59, 253, 'Impressora'),
(970, '2022-11-11', '10:43:50', 'usuarios', 'login', 1, 0, 'login'),
(971, '2022-11-11', '10:46:04', 'usuarios', 'login', 128, 0, 'login'),
(972, '2022-11-11', '10:47:58', 'usuarios', 'logout', 128, 0, 'logout'),
(973, '2022-11-11', '10:57:54', 'usuarios', 'logout', 1, 0, 'logout'),
(974, '2022-11-11', '10:58:21', 'usuarios', 'login', 1, 0, 'login'),
(975, '2022-11-11', '10:59:33', 'usuarios', 'login', 128, 0, 'login'),
(976, '2022-11-11', '11:02:06', 'usuarios', 'login', 3, 0, 'login'),
(977, '2022-11-11', '11:22:43', 'usuarios', 'login', 80, 0, 'login'),
(978, '2022-11-11', '11:23:23', 'solicitacao', 'inserção', 80, 254, 'Impressora'),
(979, '2022-11-11', '11:43:45', 'usuarios', 'login', 1, 0, 'login'),
(980, '2022-11-11', '12:51:04', 'usuarios', 'login', 1, 0, 'login'),
(981, '2022-11-11', '13:36:55', 'usuarios', 'login', 128, 0, 'login'),
(982, '2022-11-11', '14:22:35', 'usuarios', 'login', 128, 0, 'login'),
(983, '2022-11-11', '14:31:51', 'usuarios', 'logout', 128, 0, 'logout'),
(984, '2022-11-16', '08:33:50', 'usuarios', 'login', 3, 0, 'login'),
(985, '2022-11-16', '08:47:02', 'usuarios', 'logout', 3, 0, 'logout'),
(986, '2022-11-16', '08:55:37', 'usuarios', 'login', 128, 0, 'login'),
(987, '2022-11-16', '10:04:02', 'usuarios', 'login', 43, 0, 'login'),
(988, '2022-11-16', '10:07:27', 'solicitacao', 'inserção', 43, 255, 'Computador'),
(989, '2022-11-16', '10:35:55', 'usuarios', 'login', 98, 0, 'login'),
(990, '2022-11-16', '10:37:01', 'solicitacao', 'inserção', 98, 256, 'Impressora'),
(991, '2022-11-16', '10:38:23', 'usuarios', 'login', 128, 0, 'login'),
(992, '2022-11-16', '10:57:03', 'usuarios', 'login', 59, 0, 'login'),
(993, '2022-11-16', '10:57:44', 'solicitacao', 'inserção', 59, 257, 'Computador'),
(994, '2022-11-16', '11:12:15', 'usuarios', 'login', 30, 0, 'login'),
(995, '2022-11-16', '11:14:28', 'solicitacao', 'inserção', 30, 258, 'Login'),
(996, '2022-11-16', '11:20:35', 'usuarios', 'login', 1, 0, 'login'),
(997, '2022-11-16', '11:22:22', 'usuarios', 'logout', 1, 0, 'logout'),
(998, '2022-11-16', '11:22:37', 'usuarios', 'login', 128, 0, 'login'),
(999, '2022-11-16', '11:23:03', 'usuarios', 'logout', 128, 0, 'logout'),
(1000, '2022-11-16', '11:23:14', 'usuarios', 'login', 1, 0, 'login'),
(1001, '2022-11-16', '11:27:43', 'usuarios', 'login', 35, 0, 'login'),
(1002, '2022-11-16', '11:28:20', 'solicitacao', 'inserção', 35, 259, 'Login'),
(1003, '2022-11-16', '11:33:31', 'usuarios', 'login', 26, 0, 'login'),
(1004, '2022-11-16', '11:46:44', 'usuarios', 'login', 16, 0, 'login'),
(1005, '2022-11-16', '12:24:40', 'usuarios', 'logout', 128, 0, 'logout'),
(1006, '2022-11-16', '12:24:53', 'usuarios', 'login', 128, 0, 'login'),
(1007, '2022-11-16', '12:26:43', 'usuarios', 'login', 1, 0, 'login'),
(1008, '2022-11-16', '12:52:21', 'usuarios', 'login', 59, 0, 'login'),
(1009, '2022-11-16', '12:55:34', 'solicitacao', 'inserção', 59, 261, 'Software'),
(1010, '2022-11-16', '13:19:16', 'usuarios', 'login', 26, 0, 'login'),
(1011, '2022-11-16', '13:30:24', 'usuarios', 'login', 3, 0, 'login'),
(1012, '2022-11-16', '13:42:50', 'usuarios', 'login', 27, 0, 'login'),
(1013, '2022-11-16', '13:43:37', 'solicitacao', 'inserção', 27, 262, 'Impressora'),
(1014, '2022-11-16', '13:54:14', 'usuarios', 'login', 1, 0, 'login'),
(1015, '2022-11-16', '15:03:26', 'usuarios', 'login', 27, 0, 'login'),
(1016, '2022-11-16', '15:04:23', 'solicitacao', 'inserção', 27, 263, 'Impressora'),
(1017, '2022-11-16', '15:49:53', 'usuarios', 'login', 7, 0, 'login'),
(1018, '2022-11-16', '16:05:08', 'usuarios', 'login', 26, 0, 'login'),
(1019, '2022-11-16', '17:49:26', 'usuarios', 'login', 36, 0, 'login'),
(1020, '2022-11-16', '17:50:28', 'solicitacao', 'inserção', 36, 264, 'Impressora'),
(1021, '2022-11-16', '17:54:05', 'usuarios', 'login', 26, 0, 'login'),
(1022, '2022-11-17', '08:37:39', 'usuarios', 'login', 128, 0, 'login'),
(1023, '2022-11-17', '09:23:00', 'usuarios', 'login', 3, 0, 'login'),
(1024, '2022-11-17', '09:23:04', 'usuarios', 'logout', 3, 0, 'logout'),
(1025, '2022-11-17', '09:55:44', 'usuarios', 'login', 24, 0, 'login'),
(1026, '2022-11-17', '09:58:24', 'solicitacao', 'inserção', 24, 265, 'Outros'),
(1027, '2022-11-17', '10:00:30', 'usuarios', 'login', 128, 0, 'login'),
(1028, '2022-11-17', '10:00:47', 'usuarios', 'login', 26, 0, 'login'),
(1029, '2022-11-17', '10:05:46', 'usuarios', 'login', 31, 0, 'login'),
(1030, '2022-11-17', '10:21:47', 'usuarios', 'login', 3, 0, 'login'),
(1031, '2022-11-17', '10:43:22', 'usuarios', 'login', 69, 0, 'login'),
(1032, '2022-11-17', '10:44:43', 'solicitacao', 'inserção', 69, 266, 'Rede interna'),
(1033, '2022-11-17', '10:57:25', 'usuarios', 'login', 37, 0, 'login'),
(1034, '2022-11-17', '10:57:58', 'solicitacao', 'inserção', 37, 267, 'Impressora'),
(1035, '2022-11-17', '11:12:31', 'usuarios', 'login', 1, 0, 'login'),
(1036, '2022-11-17', '11:45:46', 'usuarios', 'login', 129, 0, 'login'),
(1037, '2022-11-17', '11:47:53', 'solicitacao', 'inserção', 129, 268, 'Computador'),
(1038, '2022-11-17', '11:48:22', 'usuarios', 'login', 1, 0, 'login'),
(1039, '2022-11-17', '11:51:22', 'usuarios', 'logout', 128, 0, 'logout'),
(1040, '2022-11-17', '11:51:29', 'usuarios', 'login', 128, 0, 'login'),
(1041, '2022-11-17', '12:16:01', 'usuarios', 'login', 31, 0, 'login'),
(1042, '2022-11-17', '12:37:20', 'usuarios', 'login', 16, 0, 'login'),
(1043, '2022-11-17', '12:44:01', 'usuarios', 'login', 30, 0, 'login'),
(1044, '2022-11-17', '12:44:36', 'solicitacao', 'inserção', 30, 269, 'Internet'),
(1045, '2022-11-17', '12:46:48', 'usuarios', 'login', 26, 0, 'login'),
(1046, '2022-11-17', '13:40:21', 'usuarios', 'login', 37, 0, 'login'),
(1047, '2022-11-17', '13:42:33', 'solicitacao', 'inserção', 37, 270, 'Computador'),
(1048, '2022-11-17', '13:46:49', 'usuarios', 'login', 128, 0, 'login'),
(1049, '2022-11-17', '13:47:35', 'usuarios', 'login', 1, 0, 'login'),
(1050, '2022-11-17', '13:50:58', 'usuarios', 'login', 1, 0, 'login'),
(1051, '2022-11-17', '13:59:30', 'usuarios', 'login', 3, 0, 'login'),
(1052, '2022-11-17', '14:24:47', 'usuarios', 'logout', 128, 0, 'logout'),
(1053, '2022-11-17', '16:42:01', 'usuarios', 'login', 1, 0, 'login'),
(1054, '2022-11-17', '16:46:12', 'usuarios', 'login', 132, 0, 'login'),
(1055, '2022-11-18', '08:38:42', 'usuarios', 'login', 128, 0, 'login'),
(1056, '2022-11-18', '09:16:22', 'usuarios', 'login', 128, 0, 'login'),
(1057, '2022-11-18', '09:32:39', 'usuarios', 'login', 6, 0, 'login'),
(1058, '2022-11-18', '09:33:34', 'solicitacao', 'inserção', 6, 271, 'Internet'),
(1059, '2022-11-18', '09:36:28', 'usuarios', 'login', 26, 0, 'login'),
(1060, '2022-11-18', '09:50:52', 'usuarios', 'login', 60, 0, 'login'),
(1061, '2022-11-18', '09:52:51', 'solicitacao', 'inserção', 60, 272, 'Computador'),
(1062, '2022-11-18', '10:02:13', 'usuarios', 'login', 83, 0, 'login'),
(1063, '2022-11-18', '10:04:14', 'solicitacao', 'inserção', 83, 273, 'Impressora'),
(1064, '2022-11-18', '10:07:38', 'usuarios', 'login', 3, 0, 'login'),
(1065, '2022-11-18', '10:07:51', 'usuarios', 'logout', 3, 0, 'logout'),
(1066, '2022-11-18', '10:14:59', 'usuarios', 'login', 6, 0, 'login'),
(1067, '2022-11-18', '10:15:44', 'solicitacao', 'inserção', 6, 276, 'Internet'),
(1068, '2022-11-18', '10:24:45', 'usuarios', 'login', 1, 0, 'login'),
(1069, '2022-11-18', '10:25:18', 'usuarios', 'login', 74, 0, 'login'),
(1070, '2022-11-18', '10:26:20', 'solicitacao', 'inserção', 74, 277, 'Computador'),
(1071, '2022-11-18', '10:46:59', 'usuarios', 'login', 60, 0, 'login'),
(1072, '2022-11-18', '12:37:41', 'usuarios', 'login', 60, 0, 'login'),
(1073, '2022-11-18', '12:42:10', 'solicitacao', 'inserção', 60, 278, 'Computador'),
(1074, '2022-11-18', '13:25:01', 'usuarios', 'login', 1, 0, 'login'),
(1075, '2022-11-18', '13:27:05', 'usuarios', 'login', 133, 0, 'login'),
(1076, '2022-11-18', '13:33:22', 'usuarios', 'logout', 133, 0, 'logout'),
(1077, '2022-11-18', '13:55:55', 'usuarios', 'login', 16, 0, 'login'),
(1078, '2022-11-18', '14:34:32', 'usuarios', 'logout', 128, 0, 'logout'),
(1079, '2022-11-21', '09:03:03', 'usuarios', 'login', 3, 0, 'login'),
(1080, '2022-11-21', '09:05:37', 'usuarios', 'login', 128, 0, 'login'),
(1081, '2022-11-21', '11:00:40', 'usuarios', 'login', 24, 0, 'login'),
(1082, '2022-11-21', '11:01:11', 'solicitacao', 'inserção', 24, 279, 'Impressora'),
(1083, '2022-11-21', '11:15:24', 'usuarios', 'login', 131, 0, 'login'),
(1084, '2022-11-21', '11:17:38', 'solicitacao', 'inserção', 131, 280, 'Computador'),
(1085, '2022-11-21', '11:36:50', 'usuarios', 'login', 83, 0, 'login'),
(1086, '2022-11-21', '11:37:46', 'solicitacao', 'inserção', 83, 281, 'Internet'),
(1087, '2022-11-21', '11:37:48', 'solicitacao', 'inserção', 83, 282, 'Internet'),
(1088, '2022-11-21', '11:45:08', 'usuarios', 'login', 3, 0, 'login'),
(1089, '2022-11-21', '11:55:38', 'usuarios', 'login', 98, 0, 'login'),
(1090, '2022-11-21', '11:56:19', 'solicitacao', 'inserção', 98, 283, 'Internet'),
(1091, '2022-11-21', '11:59:02', 'usuarios', 'login', 37, 0, 'login'),
(1092, '2022-11-21', '11:59:29', 'solicitacao', 'inserção', 37, 284, 'Computador'),
(1093, '2022-11-21', '12:03:23', 'usuarios', 'login', 83, 0, 'login'),
(1094, '2022-11-21', '12:04:10', 'solicitacao', 'inserção', 83, 285, 'Internet'),
(1095, '2022-11-21', '12:07:30', 'usuarios', 'login', 60, 0, 'login'),
(1096, '2022-11-21', '12:08:39', 'solicitacao', 'inserção', 60, 286, 'Internet'),
(1097, '2022-11-21', '12:13:05', 'usuarios', 'login', 37, 0, 'login'),
(1098, '2022-11-21', '12:34:44', 'usuarios', 'login', 60, 0, 'login'),
(1099, '2022-11-21', '13:23:32', 'usuarios', 'login', 3, 0, 'login'),
(1100, '2022-11-21', '13:45:17', 'usuarios', 'login', 6, 0, 'login'),
(1101, '2022-11-21', '13:46:46', 'solicitacao', 'inserção', 6, 287, 'Internet'),
(1102, '2022-11-21', '14:12:46', 'usuarios', 'login', 128, 0, 'login'),
(1103, '2022-11-21', '14:37:34', 'usuarios', 'logout', 128, 0, 'logout'),
(1104, '2022-11-21', '15:00:25', 'usuarios', 'login', 27, 0, 'login'),
(1105, '2022-11-21', '15:01:20', 'solicitacao', 'inserção', 27, 288, 'Impressora'),
(1106, '2022-11-21', '16:01:53', 'usuarios', 'login', 45, 0, 'login'),
(1107, '2022-11-21', '16:02:53', 'solicitacao', 'inserção', 45, 289, 'Rede interna'),
(1108, '2022-11-22', '08:44:11', 'usuarios', 'login', 128, 0, 'login'),
(1109, '2022-11-22', '09:15:43', 'usuarios', 'login', 16, 0, 'login'),
(1110, '2022-11-22', '09:29:15', 'usuarios', 'login', 83, 0, 'login'),
(1111, '2022-11-22', '09:29:39', 'solicitacao', 'inserção', 83, 292, 'Internet'),
(1112, '2022-11-22', '09:31:13', 'usuarios', 'login', 60, 0, 'login'),
(1113, '2022-11-22', '09:31:56', 'solicitacao', 'inserção', 60, 293, 'Internet'),
(1114, '2022-11-22', '10:17:18', 'usuarios', 'login', 36, 0, 'login'),
(1115, '2022-11-22', '10:18:34', 'solicitacao', 'inserção', 36, 294, 'Login'),
(1116, '2022-11-22', '11:14:42', 'usuarios', 'login', 30, 0, 'login'),
(1117, '2022-11-22', '11:15:09', 'solicitacao', 'inserção', 30, 295, 'Internet'),
(1118, '2022-11-22', '11:51:51', 'usuarios', 'login', 6, 0, 'login'),
(1119, '2022-11-22', '11:53:52', 'solicitacao', 'inserção', 6, 296, 'Computador'),
(1120, '2022-11-22', '12:22:05', 'usuarios', 'login', 128, 0, 'login'),
(1121, '2022-11-22', '12:46:06', 'usuarios', 'login', 123, 0, 'login'),
(1122, '2022-11-22', '12:46:41', 'solicitacao', 'inserção', 123, 297, 'Outros'),
(1123, '2022-11-22', '13:15:25', 'usuarios', 'login', 30, 0, 'login'),
(1124, '2022-11-22', '13:18:07', 'usuarios', 'login', 1, 0, 'login'),
(1125, '2022-11-22', '14:35:59', 'usuarios', 'login', 3, 0, 'login'),
(1126, '2022-11-22', '14:37:02', 'usuarios', 'logout', 3, 0, 'logout'),
(1127, '2022-11-22', '16:01:44', 'usuarios', 'login', 45, 0, 'login'),
(1128, '2022-11-22', '16:03:55', 'solicitacao', 'inserção', 45, 299, 'Computador'),
(1129, '2022-11-22', '16:04:37', 'solicitacao', 'inserção', 45, 300, 'Rede interna'),
(1130, '2022-11-22', '16:32:12', 'usuarios', 'login', 26, 0, 'login'),
(1131, '2022-11-22', '16:33:49', 'usuarios', 'login', 7, 0, 'login'),
(1132, '2022-11-23', '09:22:49', 'usuarios', 'login', 60, 0, 'login'),
(1133, '2022-11-23', '09:23:20', 'usuarios', 'login', 128, 0, 'login'),
(1134, '2022-11-23', '09:24:00', 'solicitacao', 'inserção', 60, 301, 'Internet'),
(1135, '2022-11-23', '09:35:59', 'usuarios', 'login', 59, 0, 'login'),
(1136, '2022-11-23', '09:37:41', 'solicitacao', 'inserção', 59, 302, 'Computador'),
(1137, '2022-11-23', '10:19:22', 'usuarios', 'login', 97, 0, 'login'),
(1138, '2022-11-23', '10:21:21', 'solicitacao', 'inserção', 97, 303, 'Outros'),
(1139, '2022-11-23', '10:26:39', 'usuarios', 'login', 1, 0, 'login'),
(1140, '2022-11-23', '10:29:26', 'usuarios', 'login', 16, 0, 'login'),
(1141, '2022-11-23', '10:49:30', 'usuarios', 'login', 57, 0, 'login'),
(1142, '2022-11-23', '10:50:53', 'solicitacao', 'inserção', 57, 304, 'Outros'),
(1143, '2022-11-23', '10:55:35', 'usuarios', 'logout', 1, 0, 'logout'),
(1144, '2022-11-23', '10:56:06', 'usuarios', 'login', 1, 0, 'login'),
(1145, '2022-11-23', '12:34:58', 'usuarios', 'login', 60, 0, 'login'),
(1146, '2022-11-23', '14:31:49', 'usuarios', 'login', 94, 0, 'login'),
(1147, '2022-11-23', '14:33:52', 'solicitacao', 'inserção', 94, 305, 'Outros'),
(1148, '2022-11-23', '14:42:54', 'usuarios', 'login', 27, 0, 'login'),
(1149, '2022-11-23', '14:59:06', 'usuarios', 'login', 27, 0, 'login'),
(1150, '2022-11-23', '16:47:38', 'usuarios', 'login', 35, 0, 'login'),
(1151, '2022-11-23', '16:48:01', 'solicitacao', 'inserção', 35, 306, 'Outros'),
(1152, '2022-11-23', '16:56:08', 'usuarios', 'login', 1, 0, 'login'),
(1153, '2022-11-24', '09:15:34', 'usuarios', 'login', 128, 0, 'login'),
(1154, '2022-11-24', '09:37:44', 'usuarios', 'login', 60, 0, 'login'),
(1155, '2022-11-24', '09:55:33', 'usuarios', 'login', 60, 0, 'login'),
(1156, '2022-11-24', '09:57:14', 'solicitacao', 'inserção', 60, 307, 'Rede interna'),
(1157, '2022-11-24', '10:12:42', 'usuarios', 'login', 1, 0, 'login'),
(1158, '2022-11-24', '11:17:26', 'usuarios', 'login', 128, 0, 'login'),
(1159, '2022-11-24', '12:47:46', 'usuarios', 'login', 83, 0, 'login'),
(1160, '2022-11-24', '12:48:06', 'solicitacao', 'inserção', 83, 308, 'Software'),
(1161, '2022-11-24', '13:37:43', 'usuarios', 'login', 59, 0, 'login'),
(1162, '2022-11-24', '13:38:22', 'solicitacao', 'inserção', 59, 309, 'Impressora'),
(1163, '2022-11-25', '09:06:11', 'usuarios', 'login', 16, 0, 'login'),
(1164, '2022-11-25', '09:22:32', 'usuarios', 'login', 3, 0, 'login'),
(1165, '2022-11-25', '09:22:54', 'usuarios', 'logout', 3, 0, 'logout'),
(1166, '2022-11-25', '09:23:18', 'usuarios', 'login', 128, 0, 'login'),
(1167, '2022-11-25', '09:24:36', 'usuarios', 'login', 3, 0, 'login'),
(1168, '2022-11-25', '10:57:14', 'usuarios', 'login', 59, 0, 'login'),
(1169, '2022-11-25', '10:57:57', 'solicitacao', 'inserção', 59, 310, 'Impressora'),
(1170, '2022-11-25', '12:47:22', 'usuarios', 'login', 37, 0, 'login'),
(1171, '2022-11-25', '12:47:44', 'solicitacao', 'inserção', 37, 311, 'Computador'),
(1172, '2022-11-25', '12:53:15', 'usuarios', 'login', 3, 0, 'login'),
(1173, '2022-11-25', '13:48:13', 'usuarios', 'login', 128, 0, 'login'),
(1174, '2022-11-25', '14:27:08', 'usuarios', 'login', 27, 0, 'login'),
(1175, '2022-11-25', '17:21:55', 'usuarios', 'login', 7, 0, 'login'),
(1176, '2022-11-29', '09:14:02', 'usuarios', 'login', 83, 0, 'login'),
(1177, '2022-11-29', '09:14:25', 'solicitacao', 'inserção', 83, 312, 'Impressora'),
(1178, '2022-11-29', '09:14:27', 'solicitacao', 'inserção', 83, 313, 'Impressora'),
(1179, '2022-11-29', '09:20:38', 'usuarios', 'login', 128, 0, 'login'),
(1180, '2022-11-29', '09:37:42', 'usuarios', 'login', 3, 0, 'login'),
(1181, '2022-11-29', '09:52:06', 'usuarios', 'login', 78, 0, 'login'),
(1182, '2022-11-29', '09:53:25', 'solicitacao', 'inserção', 78, 314, 'Computador'),
(1183, '2022-11-29', '09:53:54', 'usuarios', 'logout', 78, 0, 'logout'),
(1184, '2022-11-29', '09:55:28', 'usuarios', 'login', 78, 0, 'login'),
(1185, '2022-11-29', '10:48:46', 'usuarios', 'login', 3, 0, 'login'),
(1186, '2022-11-29', '11:07:22', 'usuarios', 'login', 31, 0, 'login'),
(1187, '2022-11-29', '11:09:15', 'solicitacao', 'inserção', 31, 315, 'Computador'),
(1188, '2022-11-29', '13:22:38', 'usuarios', 'login', 128, 0, 'login'),
(1189, '2022-11-29', '13:32:33', 'usuarios', 'login', 3, 0, 'login'),
(1190, '2022-11-29', '14:27:44', 'usuarios', 'login', 128, 0, 'login'),
(1191, '2022-11-29', '14:31:59', 'usuarios', 'login', 94, 0, 'login'),
(1192, '2022-11-29', '14:33:38', 'solicitacao', 'inserção', 94, 316, 'Internet'),
(1193, '2022-11-30', '08:56:15', 'usuarios', 'login', 128, 0, 'login'),
(1194, '2022-11-30', '09:02:27', 'usuarios', 'login', 49, 0, 'login'),
(1195, '2022-11-30', '09:03:57', 'usuarios', 'login', 49, 0, 'login'),
(1196, '2022-11-30', '09:05:22', 'solicitacao', 'inserção', 49, 317, 'Computador'),
(1197, '2022-11-30', '09:48:05', 'usuarios', 'login', 60, 0, 'login'),
(1198, '2022-11-30', '09:48:43', 'solicitacao', 'inserção', 60, 318, 'Computador'),
(1199, '2022-11-30', '10:13:29', 'usuarios', 'login', 3, 0, 'login'),
(1200, '2022-11-30', '10:14:59', 'usuarios', 'login', 97, 0, 'login'),
(1201, '2022-11-30', '10:16:40', 'solicitacao', 'inserção', 97, 319, 'Computador'),
(1202, '2022-11-30', '10:16:47', 'usuarios', 'logout', 97, 0, 'logout'),
(1203, '2022-11-30', '10:35:16', 'usuarios', 'login', 123, 0, 'login'),
(1204, '2022-11-30', '10:35:44', 'solicitacao', 'inserção', 123, 320, 'Outros'),
(1205, '2022-11-30', '10:37:24', 'usuarios', 'login', 30, 0, 'login'),
(1206, '2022-11-30', '10:52:33', 'usuarios', 'login', 3, 0, 'login'),
(1207, '2022-11-30', '11:19:01', 'usuarios', 'login', 36, 0, 'login'),
(1208, '2022-11-30', '11:19:35', 'solicitacao', 'inserção', 36, 321, 'Computador'),
(1209, '2022-11-30', '11:26:18', 'usuarios', 'login', 36, 0, 'login'),
(1210, '2022-11-30', '11:26:53', 'usuarios', 'logout', 36, 0, 'logout'),
(1211, '2022-11-30', '12:15:58', 'usuarios', 'login', 3, 0, 'login'),
(1212, '2022-11-30', '12:16:22', 'usuarios', 'login', 16, 0, 'login'),
(1213, '2022-11-30', '12:17:18', 'usuarios', 'logout', 16, 0, 'logout'),
(1214, '2022-11-30', '12:56:30', 'usuarios', 'login', 128, 0, 'login'),
(1215, '2022-11-30', '13:26:28', 'usuarios', 'login', 47, 0, 'login'),
(1216, '2022-11-30', '13:27:59', 'solicitacao', 'inserção', 47, 322, 'Computador'),
(1217, '2022-11-30', '13:30:55', 'solicitacao', 'inserção', 47, 323, 'Computador'),
(1218, '2022-11-30', '13:34:02', 'usuarios', 'login', 1, 0, 'login'),
(1219, '2022-11-30', '15:23:50', 'usuarios', 'login', 1, 0, 'login'),
(1220, '2022-11-30', '15:24:41', 'usuarios', 'login', 135, 0, 'login'),
(1221, '2022-11-30', '15:27:02', 'solicitacao', 'inserção', 135, 324, 'Outros'),
(1222, '2022-11-30', '15:56:01', 'usuarios', 'login', 79, 0, 'login'),
(1223, '2022-11-30', '15:57:34', 'solicitacao', 'inserção', 79, 325, 'Monitor'),
(1224, '2022-12-01', '08:54:25', 'usuarios', 'login', 128, 0, 'login'),
(1225, '2022-12-01', '09:51:55', 'usuarios', 'login', 74, 0, 'login'),
(1226, '2022-12-01', '09:52:46', 'solicitacao', 'inserção', 74, 326, 'Internet'),
(1227, '2022-12-01', '10:51:35', 'usuarios', 'login', 16, 0, 'login'),
(1228, '2022-12-01', '10:51:48', 'usuarios', 'logout', 16, 0, 'logout'),
(1229, '2022-12-01', '11:06:55', 'usuarios', 'login', 1, 0, 'login'),
(1230, '2022-12-01', '11:38:40', 'usuarios', 'login', 83, 0, 'login'),
(1231, '2022-12-01', '11:38:42', 'usuarios', 'login', 83, 0, 'login'),
(1232, '2022-12-01', '11:38:46', 'usuarios', 'login', 83, 0, 'login'),
(1233, '2022-12-01', '11:38:48', 'usuarios', 'login', 83, 0, 'login'),
(1234, '2022-12-01', '11:38:49', 'usuarios', 'login', 83, 0, 'login'),
(1235, '2022-12-01', '11:38:50', 'usuarios', 'login', 83, 0, 'login'),
(1236, '2022-12-01', '11:38:52', 'usuarios', 'login', 83, 0, 'login'),
(1237, '2022-12-01', '11:38:54', 'usuarios', 'login', 83, 0, 'login'),
(1238, '2022-12-01', '11:38:55', 'usuarios', 'login', 83, 0, 'login'),
(1239, '2022-12-01', '11:38:59', 'usuarios', 'login', 83, 0, 'login'),
(1240, '2022-12-01', '11:39:00', 'usuarios', 'login', 83, 0, 'login'),
(1241, '2022-12-01', '11:39:00', 'usuarios', 'login', 83, 0, 'login'),
(1242, '2022-12-01', '11:40:35', 'solicitacao', 'inserção', 83, 327, 'Outros'),
(1243, '2022-12-01', '11:44:58', 'usuarios', 'login', 128, 0, 'login'),
(1244, '2022-12-01', '14:11:04', 'usuarios', 'login', 3, 0, 'login'),
(1245, '2022-12-02', '09:10:42', 'usuarios', 'login', 128, 0, 'login'),
(1246, '2022-12-02', '09:29:05', 'usuarios', 'login', 3, 0, 'login'),
(1247, '2022-12-02', '10:19:55', 'usuarios', 'login', 30, 0, 'login'),
(1248, '2022-12-02', '10:20:31', 'solicitacao', 'inserção', 30, 328, 'Rede interna'),
(1249, '2022-12-02', '10:21:04', 'solicitacao', 'inserção', 30, 329, 'Impressora'),
(1250, '2022-12-02', '10:23:20', 'usuarios', 'login', 128, 0, 'login'),
(1251, '2022-12-02', '10:36:00', 'usuarios', 'login', 4, 0, 'login'),
(1252, '2022-12-02', '10:38:34', 'usuarios', 'login', 93, 0, 'login'),
(1253, '2022-12-02', '10:40:57', 'solicitacao', 'inserção', 93, 330, 'Login'),
(1254, '2022-12-02', '11:20:20', 'usuarios', 'login', 128, 0, 'login'),
(1255, '2022-12-02', '11:36:36', 'usuarios', 'login', 128, 0, 'login'),
(1256, '2022-12-02', '12:35:27', 'usuarios', 'login', 47, 0, 'login'),
(1257, '2022-12-02', '12:40:29', 'solicitacao', 'inserção', 47, 331, 'Computador'),
(1258, '2022-12-02', '12:41:39', 'solicitacao', 'inserção', 47, 332, 'Computador'),
(1259, '2022-12-05', '08:52:34', 'usuarios', 'login', 128, 0, 'login'),
(1260, '2022-12-05', '09:08:09', 'usuarios', 'login', 3, 0, 'login'),
(1261, '2022-12-05', '09:08:49', 'usuarios', 'logout', 3, 0, 'logout'),
(1262, '2022-12-05', '09:14:03', 'usuarios', 'login', 97, 0, 'login'),
(1263, '2022-12-05', '09:16:02', 'solicitacao', 'inserção', 97, 333, 'Outros'),
(1264, '2022-12-05', '09:18:35', 'usuarios', 'login', 36, 0, 'login'),
(1265, '2022-12-05', '09:19:11', 'solicitacao', 'inserção', 36, 334, 'Impressora'),
(1266, '2022-12-05', '09:27:34', 'usuarios', 'logout', 97, 0, 'logout'),
(1267, '2022-12-05', '09:27:55', 'usuarios', 'login', 97, 0, 'login'),
(1268, '2022-12-05', '09:39:29', 'usuarios', 'login', 4, 0, 'login'),
(1269, '2022-12-05', '10:31:14', 'usuarios', 'login', 1, 0, 'login'),
(1270, '2022-12-05', '10:45:14', 'usuarios', 'login', 44, 0, 'login'),
(1271, '2022-12-05', '11:44:25', 'usuarios', 'login', 26, 0, 'login'),
(1272, '2022-12-05', '11:45:23', 'usuarios', 'login', 4, 0, 'login'),
(1273, '2022-12-05', '11:45:56', 'usuarios', 'login', 1, 0, 'login'),
(1274, '2022-12-05', '12:02:17', 'usuarios', 'login', 30, 0, 'login'),
(1275, '2022-12-05', '12:03:08', 'solicitacao', 'inserção', 30, 336, 'Rede interna'),
(1276, '2022-12-05', '13:46:35', 'usuarios', 'login', 1, 0, 'login'),
(1277, '2022-12-05', '14:21:41', 'usuarios', 'logout', 1, 0, 'logout'),
(1278, '2022-12-05', '16:21:11', 'usuarios', 'login', 97, 0, 'login'),
(1279, '2022-12-06', '09:12:08', 'usuarios', 'login', 128, 0, 'login'),
(1280, '2022-12-06', '09:24:43', 'usuarios', 'login', 60, 0, 'login'),
(1281, '2022-12-06', '09:27:12', 'solicitacao', 'inserção', 60, 337, 'Outros'),
(1282, '2022-12-06', '09:29:58', 'usuarios', 'login', 128, 0, 'login'),
(1283, '2022-12-06', '09:30:25', 'usuarios', 'login', 4, 0, 'login'),
(1284, '2022-12-06', '10:39:23', 'usuarios', 'login', 60, 0, 'login'),
(1285, '2022-12-06', '10:41:56', 'solicitacao', 'inserção', 60, 338, 'Software'),
(1286, '2022-12-06', '10:59:39', 'usuarios', 'login', 4, 0, 'login'),
(1287, '2022-12-06', '13:00:15', 'usuarios', 'login', 128, 0, 'login'),
(1288, '2022-12-06', '13:06:38', 'usuarios', 'login', 3, 0, 'login'),
(1289, '2022-12-06', '13:08:45', 'usuarios', 'logout', 3, 0, 'logout'),
(1290, '2022-12-07', '08:34:43', 'usuarios', 'login', 128, 0, 'login'),
(1291, '2022-12-07', '09:31:29', 'usuarios', 'login', 128, 0, 'login'),
(1292, '2022-12-07', '09:40:29', 'usuarios', 'login', 50, 0, 'login'),
(1293, '2022-12-07', '09:42:30', 'solicitacao', 'inserção', 50, 339, 'Computador'),
(1294, '2022-12-07', '11:47:20', 'usuarios', 'login', 128, 0, 'login'),
(1295, '2022-12-07', '11:56:03', 'usuarios', 'login', 54, 0, 'login'),
(1296, '2022-12-07', '11:56:59', 'solicitacao', 'inserção', 54, 340, 'Computador'),
(1297, '2022-12-07', '11:57:04', 'solicitacao', 'inserção', 54, 341, 'Computador'),
(1298, '2022-12-07', '11:57:04', 'solicitacao', 'inserção', 54, 342, 'Computador'),
(1299, '2022-12-07', '12:08:43', 'usuarios', 'login', 16, 0, 'login'),
(1300, '2022-12-07', '12:08:57', 'usuarios', 'login', 60, 0, 'login'),
(1301, '2022-12-07', '12:09:23', 'usuarios', 'logout', 16, 0, 'logout'),
(1302, '2022-12-07', '12:09:55', 'solicitacao', 'inserção', 60, 343, 'Computador'),
(1303, '2022-12-07', '12:11:25', 'usuarios', 'login', 1, 0, 'login'),
(1304, '2022-12-07', '12:12:47', 'usuarios', 'login', 128, 0, 'login'),
(1305, '2022-12-07', '12:18:59', 'usuarios', 'login', 54, 0, 'login'),
(1306, '2022-12-07', '12:19:30', 'solicitacao', 'inserção', 54, 344, 'Computador'),
(1307, '2022-12-07', '12:22:51', 'usuarios', 'login', 97, 0, 'login'),
(1308, '2022-12-07', '12:23:54', 'solicitacao', 'inserção', 97, 345, 'Outros'),
(1309, '2022-12-07', '12:24:36', 'usuarios', 'login', 97, 0, 'login'),
(1310, '2022-12-07', '12:27:32', 'usuarios', 'login', 97, 0, 'login'),
(1311, '2022-12-07', '14:05:00', 'usuarios', 'login', 128, 0, 'login'),
(1312, '2022-12-07', '14:07:58', 'usuarios', 'login', 129, 0, 'login'),
(1313, '2022-12-07', '14:10:24', 'solicitacao', 'inserção', 129, 346, 'Internet'),
(1314, '2022-12-07', '14:43:31', 'usuarios', 'logout', 128, 0, 'logout'),
(1315, '2022-12-10', '10:12:20', 'usuarios', 'login', 3, 0, 'login'),
(1316, '2022-12-12', '09:55:54', 'usuarios', 'login', 37, 0, 'login'),
(1317, '2022-12-12', '09:56:35', 'solicitacao', 'inserção', 37, 347, 'Computador'),
(1318, '2022-12-12', '09:57:50', 'usuarios', 'login', 128, 0, 'login'),
(1319, '2022-12-12', '09:59:43', 'usuarios', 'login', 60, 0, 'login'),
(1320, '2022-12-12', '10:01:27', 'solicitacao', 'inserção', 60, 348, 'Computador'),
(1321, '2022-12-12', '11:51:46', 'usuarios', 'login', 3, 0, 'login'),
(1322, '2022-12-12', '11:52:06', 'usuarios', 'logout', 3, 0, 'logout'),
(1323, '2022-12-12', '13:05:42', 'usuarios', 'login', 128, 0, 'login'),
(1324, '2022-12-12', '14:35:15', 'usuarios', 'logout', 128, 0, 'logout'),
(1325, '2022-12-13', '09:17:02', 'usuarios', 'login', 39, 0, 'login'),
(1326, '2022-12-13', '10:31:33', 'usuarios', 'login', 27, 0, 'login'),
(1327, '2022-12-13', '10:31:53', 'usuarios', 'login', 88, 0, 'login'),
(1328, '2022-12-13', '10:33:05', 'solicitacao', 'inserção', 27, 349, 'Impressora'),
(1329, '2022-12-13', '10:33:55', 'usuarios', 'login', 128, 0, 'login'),
(1330, '2022-12-13', '10:45:38', 'usuarios', 'login', 59, 0, 'login'),
(1331, '2022-12-13', '10:50:32', 'solicitacao', 'inserção', 59, 350, 'Internet'),
(1332, '2022-12-13', '12:18:10', 'usuarios', 'login', 43, 0, 'login'),
(1333, '2022-12-13', '12:19:21', 'solicitacao', 'inserção', 43, 351, 'Internet'),
(1334, '2022-12-13', '12:19:36', 'usuarios', 'logout', 43, 0, 'logout'),
(1335, '2022-12-13', '12:30:30', 'usuarios', 'login', 30, 0, 'login'),
(1336, '2022-12-13', '12:32:15', 'solicitacao', 'inserção', 30, 352, 'Monitor'),
(1337, '2022-12-13', '12:37:04', 'usuarios', 'login', 128, 0, 'login'),
(1338, '2022-12-13', '12:52:38', 'usuarios', 'login', 43, 0, 'login'),
(1339, '2022-12-13', '13:13:29', 'usuarios', 'login', 60, 0, 'login'),
(1340, '2022-12-13', '13:14:49', 'usuarios', 'login', 60, 0, 'login'),
(1341, '2022-12-13', '13:15:30', 'usuarios', 'login', 1, 0, 'login'),
(1342, '2022-12-13', '13:16:35', 'solicitacao', 'inserção', 60, 353, 'Login'),
(1343, '2022-12-13', '13:16:35', 'solicitacao', 'inserção', 60, 354, 'Login'),
(1344, '2022-12-13', '13:16:41', 'solicitacao', 'exclusão', 60, 354, 'Login'),
(1345, '2022-12-13', '13:19:23', 'usuarios', 'logout', 60, 0, 'logout'),
(1346, '2022-12-13', '13:24:01', 'usuarios', 'login', 3, 0, 'login'),
(1347, '2022-12-13', '13:29:35', 'usuarios', 'login', 4, 0, 'login'),
(1348, '2022-12-13', '13:29:43', 'usuarios', 'login', 4, 0, 'login'),
(1349, '2022-12-13', '13:30:30', 'usuarios', 'login', 16, 0, 'login'),
(1350, '2022-12-13', '13:30:34', 'usuarios', 'logout', 3, 0, 'logout'),
(1351, '2022-12-13', '13:31:17', 'usuarios', 'logout', 16, 0, 'logout'),
(1352, '2022-12-13', '13:39:11', 'usuarios', 'login', 27, 0, 'login'),
(1353, '2022-12-13', '13:40:04', 'solicitacao', 'inserção', 27, 355, 'Internet'),
(1354, '2022-12-13', '13:46:30', 'usuarios', 'login', 30, 0, 'login'),
(1355, '2022-12-13', '14:07:33', 'solicitacao', 'inserção', 30, 356, 'Rede interna'),
(1356, '2022-12-13', '14:12:00', 'solicitacao', 'exclusão', 30, 356, 'Rede interna'),
(1357, '2022-12-13', '14:14:00', 'usuarios', 'login', 4, 0, 'login'),
(1358, '2022-12-13', '16:39:48', 'usuarios', 'login', 54, 0, 'login'),
(1359, '2022-12-13', '16:40:59', 'solicitacao', 'inserção', 54, 357, 'Computador'),
(1360, '2022-12-13', '16:43:35', 'usuarios', 'login', 26, 0, 'login'),
(1361, '2022-12-14', '08:35:26', 'usuarios', 'login', 27, 0, 'login'),
(1362, '2022-12-14', '09:37:24', 'usuarios', 'login', 60, 0, 'login'),
(1363, '2022-12-14', '09:37:52', 'solicitacao', 'inserção', 60, 358, 'Computador'),
(1364, '2022-12-14', '09:38:46', 'usuarios', 'login', 1, 0, 'login'),
(1365, '2022-12-14', '09:42:41', 'funcionarios', 'edição', 1, 130, 'MARLENE MORAIS RIBEIRO'),
(1366, '2022-12-14', '10:14:52', 'usuarios', 'login', 4, 0, 'login'),
(1367, '2022-12-14', '10:31:12', 'usuarios', 'login', 1, 0, 'login'),
(1368, '2022-12-14', '13:41:09', 'usuarios', 'login', 27, 0, 'login'),
(1369, '2022-12-14', '13:42:02', 'solicitacao', 'inserção', 27, 359, 'Internet'),
(1370, '2022-12-14', '13:48:39', 'usuarios', 'login', 128, 0, 'login'),
(1371, '2022-12-15', '08:37:16', 'usuarios', 'login', 26, 0, 'login'),
(1372, '2022-12-15', '09:16:00', 'usuarios', 'login', 63, 0, 'login'),
(1373, '2022-12-15', '09:17:59', 'solicitacao', 'inserção', 63, 360, 'Internet'),
(1374, '2022-12-15', '11:10:09', 'usuarios', 'login', 27, 0, 'login'),
(1375, '2022-12-15', '12:03:25', 'usuarios', 'login', 128, 0, 'login'),
(1376, '2022-12-15', '12:04:27', 'usuarios', 'login', 4, 0, 'login'),
(1377, '2022-12-15', '12:06:03', 'usuarios', 'login', 1, 0, 'login'),
(1378, '2022-12-15', '12:24:42', 'usuarios', 'login', 27, 0, 'login'),
(1379, '2022-12-15', '12:26:27', 'solicitacao', 'inserção', 27, 361, 'Computador'),
(1380, '2022-12-15', '13:55:27', 'usuarios', 'login', 27, 0, 'login'),
(1381, '2022-12-15', '13:56:43', 'solicitacao', 'inserção', 27, 362, 'Internet'),
(1382, '2022-12-15', '14:19:00', 'usuarios', 'login', 128, 0, 'login'),
(1383, '2022-12-15', '14:23:38', 'usuarios', 'login', 1, 0, 'login'),
(1384, '2022-12-16', '09:00:55', 'usuarios', 'login', 3, 0, 'login'),
(1385, '2022-12-16', '09:02:04', 'usuarios', 'login', 27, 0, 'login'),
(1386, '2022-12-16', '10:32:05', 'usuarios', 'login', 27, 0, 'login'),
(1387, '2022-12-16', '12:08:47', 'usuarios', 'login', 128, 0, 'login'),
(1388, '2022-12-16', '13:55:36', 'usuarios', 'login', 128, 0, 'login'),
(1389, '2022-12-16', '15:55:07', 'usuarios', 'login', 45, 0, 'login'),
(1390, '2022-12-16', '15:55:41', 'solicitacao', 'inserção', 45, 363, 'Impressora'),
(1391, '2022-12-19', '09:02:20', 'usuarios', 'login', 3, 0, 'login'),
(1392, '2022-12-19', '09:15:43', 'usuarios', 'login', 128, 0, 'login'),
(1393, '2022-12-19', '10:07:00', 'usuarios', 'login', 27, 0, 'login'),
(1394, '2022-12-19', '10:12:50', 'usuarios', 'login', 43, 0, 'login'),
(1395, '2022-12-19', '10:15:32', 'solicitacao', 'inserção', 43, 364, 'Impressora'),
(1396, '2022-12-19', '10:21:52', 'usuarios', 'login', 67, 0, 'login'),
(1397, '2022-12-19', '10:23:04', 'solicitacao', 'inserção', 67, 365, 'Outros'),
(1398, '2022-12-19', '10:33:02', 'usuarios', 'login', 99, 0, 'login'),
(1399, '2022-12-19', '10:36:36', 'usuarios', 'login', 30, 0, 'login'),
(1400, '2022-12-19', '10:37:26', 'solicitacao', 'inserção', 30, 366, 'Login'),
(1401, '2022-12-19', '10:37:47', 'usuarios', 'login', 3, 0, 'login'),
(1402, '2022-12-19', '10:38:40', 'solicitacao', 'inserção', 99, 367, 'Outros'),
(1403, '2022-12-19', '10:41:23', 'usuarios', 'login', 4, 0, 'login'),
(1404, '2022-12-19', '11:34:08', 'usuarios', 'login', 63, 0, 'login'),
(1405, '2022-12-19', '11:38:43', 'usuarios', 'login', 4, 0, 'login'),
(1406, '2022-12-19', '11:42:36', 'usuarios', 'login', 30, 0, 'login'),
(1407, '2022-12-19', '11:43:56', 'solicitacao', 'inserção', 63, 368, 'Computador'),
(1408, '2022-12-19', '11:44:24', 'solicitacao', 'inserção', 30, 369, 'Rede interna'),
(1409, '2022-12-19', '12:10:08', 'usuarios', 'login', 35, 0, 'login'),
(1410, '2022-12-19', '12:10:49', 'solicitacao', 'inserção', 35, 370, 'Computador'),
(1411, '2022-12-19', '12:53:06', 'usuarios', 'login', 43, 0, 'login'),
(1412, '2022-12-19', '12:55:34', 'solicitacao', 'inserção', 43, 371, 'Outros'),
(1413, '2022-12-19', '12:55:49', 'usuarios', 'logout', 43, 0, 'logout'),
(1414, '2022-12-19', '13:40:48', 'usuarios', 'login', 128, 0, 'login'),
(1415, '2022-12-19', '14:08:41', 'usuarios', 'login', 27, 0, 'login'),
(1416, '2022-12-19', '14:09:54', 'solicitacao', 'inserção', 27, 372, 'Internet'),
(1417, '2022-12-19', '15:06:09', 'usuarios', 'login', 128, 0, 'login'),
(1418, '2022-12-19', '17:30:32', 'usuarios', 'login', 4, 0, 'login'),
(1419, '2022-12-20', '08:52:04', 'usuarios', 'login', 27, 0, 'login'),
(1420, '2022-12-20', '09:26:19', 'usuarios', 'login', 128, 0, 'login'),
(1421, '2022-12-20', '09:26:22', 'solicitacao', 'inserção', 27, 373, 'Impressora'),
(1422, '2022-12-20', '09:27:21', 'usuarios', 'login', 4, 0, 'login'),
(1423, '2022-12-20', '11:13:00', 'usuarios', 'login', 4, 0, 'login'),
(1424, '2022-12-20', '11:28:46', 'usuarios', 'login', 3, 0, 'login'),
(1425, '2022-12-20', '11:30:59', 'usuarios', 'login', 128, 0, 'login'),
(1426, '2022-12-20', '12:09:48', 'usuarios', 'login', 97, 0, 'login');
INSERT INTO `logs` (`id`, `data`, `hora`, `tabela`, `acao`, `usuario`, `id_reg`, `descricao`) VALUES
(1427, '2022-12-20', '12:11:43', 'solicitacao', 'inserção', 97, 374, 'Computador'),
(1428, '2022-12-20', '12:43:24', 'usuarios', 'login', 16, 0, 'login'),
(1429, '2022-12-20', '12:53:21', 'usuarios', 'login', 4, 0, 'login'),
(1430, '2022-12-20', '12:54:30', 'usuarios', 'login', 1, 0, 'login'),
(1431, '2022-12-20', '13:36:48', 'usuarios', 'login', 27, 0, 'login'),
(1432, '2022-12-20', '13:42:57', 'solicitacao', 'inserção', 27, 375, 'Impressora'),
(1433, '2022-12-20', '14:21:27', 'usuarios', 'login', 128, 0, 'login'),
(1434, '2022-12-20', '14:32:43', 'usuarios', 'logout', 128, 0, 'logout'),
(1435, '2022-12-20', '15:12:21', 'usuarios', 'login', 4, 0, 'login'),
(1436, '2022-12-20', '16:10:17', 'usuarios', 'login', 4, 0, 'login'),
(1437, '2022-12-21', '09:35:54', 'usuarios', 'login', 128, 0, 'login'),
(1438, '2022-12-21', '11:22:55', 'usuarios', 'login', 45, 0, 'login'),
(1439, '2022-12-21', '11:24:14', 'solicitacao', 'inserção', 45, 376, 'Computador'),
(1440, '2022-12-21', '11:52:27', 'usuarios', 'login', 128, 0, 'login'),
(1441, '2022-12-21', '12:32:01', 'usuarios', 'login', 3, 0, 'login'),
(1442, '2022-12-21', '13:26:15', 'usuarios', 'login', 128, 0, 'login'),
(1443, '2022-12-21', '13:34:11', 'usuarios', 'login', 27, 0, 'login'),
(1444, '2022-12-21', '14:30:46', 'usuarios', 'logout', 128, 0, 'logout'),
(1445, '2022-12-21', '14:37:51', 'usuarios', 'login', 7, 0, 'login'),
(1446, '2022-12-22', '09:35:34', 'usuarios', 'login', 128, 0, 'login'),
(1447, '2022-12-22', '09:38:57', 'usuarios', 'login', 45, 0, 'login'),
(1448, '2022-12-22', '09:40:18', 'solicitacao', 'inserção', 45, 377, 'Outros'),
(1449, '2022-12-22', '09:42:30', 'usuarios', 'login', 128, 0, 'login'),
(1450, '2022-12-22', '10:15:08', 'usuarios', 'login', 128, 0, 'login'),
(1451, '2022-12-23', '09:42:11', 'usuarios', 'login', 128, 0, 'login'),
(1452, '2022-12-23', '09:44:44', 'usuarios', 'login', 16, 0, 'login'),
(1453, '2022-12-23', '09:45:41', 'usuarios', 'logout', 16, 0, 'logout'),
(1454, '2022-12-23', '10:16:45', 'usuarios', 'login', 128, 0, 'login'),
(1455, '2022-12-23', '11:17:42', 'usuarios', 'login', 128, 0, 'login'),
(1456, '2022-12-23', '12:23:28', 'usuarios', 'login', 3, 0, 'login'),
(1457, '2022-12-26', '08:58:17', 'usuarios', 'login', 128, 0, 'login'),
(1458, '2022-12-26', '10:32:56', 'usuarios', 'login', 128, 0, 'login'),
(1459, '2022-12-26', '10:47:17', 'usuarios', 'login', 4, 0, 'login'),
(1460, '2022-12-26', '11:51:00', 'usuarios', 'login', 128, 0, 'login'),
(1461, '2022-12-26', '12:52:31', 'usuarios', 'login', 128, 0, 'login'),
(1462, '2022-12-26', '14:08:37', 'usuarios', 'login', 128, 0, 'login'),
(1463, '2022-12-27', '08:20:07', 'usuarios', 'login', 4, 0, 'login'),
(1464, '2022-12-27', '08:36:24', 'usuarios', 'login', 97, 0, 'login'),
(1465, '2022-12-27', '08:37:09', 'solicitacao', 'inserção', 97, 378, 'Computador'),
(1466, '2022-12-27', '09:53:02', 'usuarios', 'login', 4, 0, 'login'),
(1467, '2022-12-27', '11:16:16', 'usuarios', 'login', 100, 0, 'login'),
(1468, '2022-12-27', '11:18:42', 'solicitacao', 'inserção', 100, 379, 'Internet'),
(1469, '2022-12-27', '11:22:52', 'usuarios', 'login', 4, 0, 'login'),
(1470, '2022-12-27', '13:27:47', 'usuarios', 'login', 27, 0, 'login'),
(1471, '2022-12-27', '13:28:34', 'solicitacao', 'inserção', 27, 380, 'Internet'),
(1472, '2022-12-27', '13:48:12', 'usuarios', 'login', 4, 0, 'login'),
(1473, '2022-12-27', '14:18:43', 'usuarios', 'login', 3, 0, 'login'),
(1474, '2022-12-27', '14:19:38', 'usuarios', 'logout', 3, 0, 'logout'),
(1475, '2022-12-27', '15:56:29', 'usuarios', 'login', 4, 0, 'login'),
(1476, '2022-12-28', '08:51:19', 'usuarios', 'login', 27, 0, 'login'),
(1477, '2022-12-28', '09:32:35', 'usuarios', 'login', 35, 0, 'login'),
(1478, '2022-12-28', '09:33:27', 'solicitacao', 'inserção', 35, 381, 'Impressora'),
(1479, '2022-12-28', '09:56:07', 'usuarios', 'login', 128, 0, 'login'),
(1480, '2022-12-28', '10:18:53', 'usuarios', 'login', 4, 0, 'login'),
(1481, '2022-12-28', '11:36:27', 'usuarios', 'login', 4, 0, 'login'),
(1482, '2022-12-28', '13:26:50', 'usuarios', 'logout', 128, 0, 'logout'),
(1483, '2022-12-28', '13:31:50', 'usuarios', 'login', 4, 0, 'login'),
(1484, '2022-12-28', '13:51:14', 'usuarios', 'login', 128, 0, 'login'),
(1485, '2022-12-28', '13:51:57', 'usuarios', 'logout', 128, 0, 'logout'),
(1486, '2022-12-28', '15:36:21', 'usuarios', 'login', 4, 0, 'login'),
(1487, '2022-12-28', '16:15:25', 'usuarios', 'login', 7, 0, 'login'),
(1488, '2022-12-29', '09:08:19', 'usuarios', 'login', 35, 0, 'login'),
(1489, '2022-12-29', '09:08:52', 'solicitacao', 'inserção', 35, 382, 'Internet'),
(1490, '2022-12-29', '09:24:56', 'usuarios', 'login', 128, 0, 'login'),
(1491, '2022-12-29', '10:00:09', 'usuarios', 'login', 97, 0, 'login'),
(1492, '2022-12-29', '10:00:56', 'solicitacao', 'inserção', 97, 383, 'Outros'),
(1493, '2022-12-29', '10:34:15', 'usuarios', 'login', 27, 0, 'login'),
(1494, '2022-12-29', '11:36:23', 'usuarios', 'login', 128, 0, 'login'),
(1495, '2022-12-29', '11:51:22', 'usuarios', 'login', 27, 0, 'login'),
(1496, '2022-12-29', '12:13:05', 'usuarios', 'login', 128, 0, 'login'),
(1497, '2022-12-29', '12:18:20', 'usuarios', 'login', 1, 0, 'login'),
(1498, '2022-12-29', '13:24:49', 'usuarios', 'login', 1, 0, 'login'),
(1499, '2022-12-29', '14:29:56', 'usuarios', 'logout', 128, 0, 'logout'),
(1500, '2022-12-29', '15:04:57', 'usuarios', 'login', 4, 0, 'login'),
(1501, '2022-12-30', '09:15:45', 'usuarios', 'login', 27, 0, 'login'),
(1502, '2022-12-30', '09:17:46', 'usuarios', 'login', 128, 0, 'login'),
(1503, '2022-12-30', '09:41:43', 'usuarios', 'login', 122, 0, 'login'),
(1504, '2022-12-30', '09:43:31', 'solicitacao', 'inserção', 122, 384, 'Impressora'),
(1505, '2022-12-30', '09:53:48', 'usuarios', 'login', 3, 0, 'login'),
(1506, '2022-12-30', '11:06:40', 'usuarios', 'logout', 128, 0, 'logout'),
(1507, '2023-01-02', '08:52:02', 'usuarios', 'login', 37, 0, 'login'),
(1508, '2023-01-02', '08:53:08', 'solicitacao', 'inserção', 37, 385, 'Computador'),
(1509, '2023-01-02', '09:03:24', 'solicitacao', 'exclusão', 37, 385, 'Computador'),
(1510, '2023-01-02', '09:03:31', 'usuarios', 'logout', 37, 0, 'logout'),
(1511, '2023-01-02', '09:20:51', 'usuarios', 'login', 3, 0, 'login'),
(1512, '2023-01-02', '09:28:32', 'usuarios', 'login', 35, 0, 'login'),
(1513, '2023-01-02', '09:28:39', 'usuarios', 'login', 27, 0, 'login'),
(1514, '2023-01-02', '09:30:09', 'solicitacao', 'inserção', 35, 386, 'Impressora'),
(1515, '2023-01-02', '09:30:26', 'solicitacao', 'inserção', 27, 387, 'Login'),
(1516, '2023-01-02', '09:33:14', 'usuarios', 'login', 128, 0, 'login'),
(1517, '2023-01-02', '09:38:41', 'usuarios', 'login', 100, 0, 'login'),
(1518, '2023-01-02', '09:41:21', 'solicitacao', 'inserção', 100, 388, 'Computador'),
(1519, '2023-01-02', '10:13:47', 'solicitacao', 'inserção', 27, 389, 'Login'),
(1520, '2023-01-02', '10:15:51', 'usuarios', 'login', 128, 0, 'login'),
(1521, '2023-01-02', '10:17:32', 'usuarios', 'logout', 128, 0, 'logout'),
(1522, '2023-01-02', '10:17:41', 'usuarios', 'login', 1, 0, 'login'),
(1523, '2023-01-02', '10:18:36', 'usuarios', 'login', 128, 0, 'login'),
(1524, '2023-01-02', '10:52:19', 'usuarios', 'login', 120, 0, 'login'),
(1525, '2023-01-02', '11:40:25', 'usuarios', 'login', 74, 0, 'login'),
(1526, '2023-01-02', '11:44:13', 'usuarios', 'login', 3, 0, 'login'),
(1527, '2023-01-02', '13:00:41', 'usuarios', 'login', 43, 0, 'login'),
(1528, '2023-01-02', '13:02:54', 'solicitacao', 'inserção', 43, 390, 'Login'),
(1529, '2023-01-02', '13:04:34', 'usuarios', 'logout', 43, 0, 'logout'),
(1530, '2023-01-02', '13:09:44', 'usuarios', 'login', 128, 0, 'login'),
(1531, '2023-01-02', '13:47:51', 'usuarios', 'login', 4, 0, 'login'),
(1532, '2023-01-02', '13:55:11', 'usuarios', 'login', 3, 0, 'login'),
(1533, '2023-01-02', '15:15:50', 'usuarios', 'login', 1, 0, 'login'),
(1534, '2023-01-02', '15:27:40', 'usuarios', 'login', 1, 0, 'login'),
(1535, '2023-01-02', '16:01:13', 'usuarios', 'login', 4, 0, 'login'),
(1536, '2023-01-02', '16:54:24', 'usuarios', 'login', 39, 0, 'login'),
(1537, '2023-01-02', '16:55:04', 'solicitacao', 'inserção', 39, 391, 'Impressora'),
(1538, '2023-01-02', '17:01:43', 'usuarios', 'login', 39, 0, 'login'),
(1539, '2023-01-02', '17:31:03', 'usuarios', 'login', 80, 0, 'login'),
(1540, '2023-01-02', '17:35:47', 'solicitacao', 'inserção', 80, 392, 'Impressora'),
(1541, '2023-01-02', '17:53:31', 'usuarios', 'login', 4, 0, 'login'),
(1542, '2023-01-03', '08:42:54', 'usuarios', 'login', 4, 0, 'login'),
(1543, '2023-01-03', '08:47:39', 'usuarios', 'login', 37, 0, 'login'),
(1544, '2023-01-03', '08:48:13', 'solicitacao', 'inserção', 37, 393, 'Internet'),
(1545, '2023-01-03', '09:04:37', 'usuarios', 'login', 80, 0, 'login'),
(1546, '2023-01-03', '09:06:23', 'solicitacao', 'inserção', 80, 394, 'Computador'),
(1547, '2023-01-03', '09:07:59', 'usuarios', 'login', 128, 0, 'login'),
(1548, '2023-01-03', '09:21:09', 'solicitacao', 'inserção', 37, 395, 'Computador'),
(1549, '2023-01-03', '09:39:27', 'usuarios', 'login', 128, 0, 'login'),
(1550, '2023-01-03', '09:40:47', 'usuarios', 'login', 4, 0, 'login'),
(1551, '2023-01-03', '10:49:49', 'usuarios', 'login', 128, 0, 'login'),
(1552, '2023-01-03', '12:22:21', 'usuarios', 'login', 128, 0, 'login'),
(1553, '2023-01-03', '12:24:56', 'usuarios', 'login', 97, 0, 'login'),
(1554, '2023-01-03', '12:26:48', 'solicitacao', 'inserção', 97, 396, 'Impressora'),
(1555, '2023-01-03', '12:35:05', 'usuarios', 'login', 4, 0, 'login'),
(1556, '2023-01-03', '13:12:31', 'usuarios', 'login', 128, 0, 'login'),
(1557, '2023-01-03', '13:56:20', 'usuarios', 'login', 128, 0, 'login'),
(1558, '2023-01-03', '14:44:05', 'usuarios', 'logout', 128, 0, 'logout'),
(1559, '2023-01-03', '16:04:29', 'usuarios', 'login', 4, 0, 'login'),
(1560, '2023-01-03', '18:15:02', 'usuarios', 'login', 42, 0, 'login'),
(1561, '2023-01-03', '18:15:40', 'usuarios', 'logout', 42, 0, 'logout'),
(1562, '2023-01-04', '09:00:07', 'usuarios', 'login', 37, 0, 'login'),
(1563, '2023-01-04', '09:01:08', 'solicitacao', 'inserção', 37, 397, 'Impressora'),
(1564, '2023-01-04', '09:07:28', 'usuarios', 'login', 128, 0, 'login'),
(1565, '2023-01-04', '09:24:55', 'usuarios', 'login', 35, 0, 'login'),
(1566, '2023-01-04', '09:25:59', 'solicitacao', 'inserção', 35, 398, 'Computador'),
(1567, '2023-01-04', '10:28:14', 'usuarios', 'login', 4, 0, 'login'),
(1568, '2023-01-04', '10:34:31', 'usuarios', 'login', 128, 0, 'login'),
(1569, '2023-01-04', '10:50:48', 'usuarios', 'login', 120, 0, 'login'),
(1570, '2023-01-04', '10:52:06', 'solicitacao', 'inserção', 120, 399, 'Computador'),
(1571, '2023-01-04', '11:40:55', 'usuarios', 'login', 128, 0, 'login'),
(1572, '2023-01-04', '12:19:30', 'usuarios', 'login', 128, 0, 'login'),
(1573, '2023-01-04', '12:51:49', 'usuarios', 'login', 4, 0, 'login'),
(1574, '2023-01-04', '12:59:29', 'usuarios', 'login', 27, 0, 'login'),
(1575, '2023-01-04', '13:01:22', 'solicitacao', 'inserção', 27, 400, 'Impressora'),
(1576, '2023-01-04', '13:17:20', 'usuarios', 'login', 35, 0, 'login'),
(1577, '2023-01-04', '13:17:50', 'solicitacao', 'inserção', 35, 402, 'Impressora'),
(1578, '2023-01-04', '13:44:32', 'usuarios', 'login', 42, 0, 'login'),
(1579, '2023-01-04', '13:46:03', 'solicitacao', 'inserção', 42, 403, 'Impressora'),
(1580, '2023-01-04', '14:00:53', 'usuarios', 'login', 128, 0, 'login'),
(1581, '2023-01-04', '14:10:54', 'usuarios', 'login', 27, 0, 'login'),
(1582, '2023-01-04', '14:11:05', 'usuarios', 'logout', 42, 0, 'logout'),
(1583, '2023-01-04', '14:33:51', 'usuarios', 'login', 4, 0, 'login'),
(1584, '2023-01-04', '15:36:20', 'usuarios', 'login', 4, 0, 'login'),
(1585, '2023-01-04', '17:25:10', 'usuarios', 'login', 80, 0, 'login'),
(1586, '2023-01-04', '17:27:45', 'solicitacao', 'inserção', 80, 404, 'Documentos'),
(1587, '2023-01-05', '09:15:00', 'usuarios', 'login', 4, 0, 'login'),
(1588, '2023-01-05', '09:18:35', 'usuarios', 'login', 128, 0, 'login'),
(1589, '2023-01-05', '09:20:25', 'usuarios', 'login', 1, 0, 'login'),
(1590, '2023-01-05', '09:34:01', 'usuarios', 'login', 6, 0, 'login'),
(1591, '2023-01-05', '09:35:55', 'solicitacao', 'inserção', 6, 405, 'Internet'),
(1592, '2023-01-05', '09:46:49', 'solicitacao', 'exclusão', 6, 405, 'Internet'),
(1593, '2023-01-05', '10:10:11', 'usuarios', 'login', 4, 0, 'login'),
(1594, '2023-01-05', '10:44:24', 'usuarios', 'login', 128, 0, 'login'),
(1595, '2023-01-05', '11:08:41', 'usuarios', 'login', 4, 0, 'login'),
(1596, '2023-01-05', '11:51:22', 'usuarios', 'login', 47, 0, 'login'),
(1597, '2023-01-05', '11:54:16', 'usuarios', 'login', 128, 0, 'login'),
(1598, '2023-01-05', '11:57:07', 'solicitacao', 'inserção', 47, 406, 'Computador'),
(1599, '2023-01-05', '12:00:13', 'usuarios', 'login', 4, 0, 'login'),
(1600, '2023-01-05', '12:07:37', 'usuarios', 'login', 1, 0, 'login'),
(1601, '2023-01-05', '12:56:53', 'usuarios', 'login', 37, 0, 'login'),
(1602, '2023-01-05', '12:57:20', 'solicitacao', 'inserção', 37, 407, 'Impressora'),
(1603, '2023-01-05', '13:22:21', 'usuarios', 'login', 80, 0, 'login'),
(1604, '2023-01-05', '13:23:54', 'solicitacao', 'inserção', 80, 408, 'Computador'),
(1605, '2023-01-05', '13:38:33', 'usuarios', 'login', 4, 0, 'login'),
(1606, '2023-01-05', '13:45:21', 'usuarios', 'login', 43, 0, 'login'),
(1607, '2023-01-05', '13:46:38', 'usuarios', 'login', 128, 0, 'login'),
(1608, '2023-01-05', '13:46:55', 'solicitacao', 'inserção', 43, 409, 'Documentos'),
(1609, '2023-01-05', '13:47:47', 'solicitacao', 'inserção', 43, 410, 'Internet'),
(1610, '2023-01-05', '13:47:51', 'usuarios', 'logout', 43, 0, 'logout'),
(1611, '2023-01-05', '14:18:19', 'usuarios', 'login', 4, 0, 'login'),
(1612, '2023-01-05', '14:19:35', 'usuarios', 'login', 1, 0, 'login'),
(1613, '2023-01-05', '17:27:21', 'usuarios', 'login', 3, 0, 'login'),
(1614, '2023-01-05', '17:32:50', 'usuarios', 'login', 4, 0, 'login'),
(1615, '2023-01-06', '09:25:11', 'usuarios', 'login', 128, 0, 'login'),
(1616, '2023-01-06', '09:50:00', 'usuarios', 'login', 27, 0, 'login'),
(1617, '2023-01-06', '09:50:24', 'usuarios', 'login', 100, 0, 'login'),
(1618, '2023-01-06', '09:51:56', 'solicitacao', 'inserção', 100, 411, 'Login'),
(1619, '2023-01-06', '09:56:09', 'usuarios', 'logout', 128, 0, 'logout'),
(1620, '2023-01-06', '09:56:38', 'usuarios', 'login', 4, 0, 'login'),
(1621, '2023-01-06', '10:11:20', 'usuarios', 'login', 63, 0, 'login'),
(1622, '2023-01-06', '10:12:23', 'solicitacao', 'inserção', 63, 412, 'Impressora'),
(1623, '2023-01-06', '10:26:17', 'solicitacao', 'inserção', 63, 413, 'Internet'),
(1624, '2023-01-06', '10:48:48', 'usuarios', 'login', 37, 0, 'login'),
(1625, '2023-01-06', '10:49:17', 'solicitacao', 'inserção', 37, 414, 'Computador'),
(1626, '2023-01-06', '10:51:14', 'usuarios', 'login', 4, 0, 'login'),
(1627, '2023-01-06', '11:01:59', 'usuarios', 'login', 30, 0, 'login'),
(1628, '2023-01-06', '11:03:30', 'solicitacao', 'inserção', 30, 415, 'Internet'),
(1629, '2023-01-06', '12:00:37', 'usuarios', 'login', 4, 0, 'login'),
(1630, '2023-01-06', '12:26:00', 'usuarios', 'login', 128, 0, 'login'),
(1631, '2023-01-06', '12:46:29', 'usuarios', 'logout', 128, 0, 'logout'),
(1632, '2023-01-06', '13:33:59', 'usuarios', 'login', 4, 0, 'login'),
(1633, '2023-01-06', '17:36:10', 'usuarios', 'login', 3, 0, 'login'),
(1634, '2023-01-06', '17:36:18', 'usuarios', 'logout', 3, 0, 'logout'),
(1635, '2023-01-09', '10:04:02', 'usuarios', 'login', 27, 0, 'login'),
(1636, '2023-01-09', '10:08:31', 'usuarios', 'login', 16, 0, 'login'),
(1637, '2023-01-10', '12:25:23', 'usuarios', 'login', 59, 0, 'login'),
(1638, '2023-01-10', '12:26:03', 'solicitacao', 'inserção', 59, 416, 'Impressora'),
(1639, '2023-01-10', '13:01:44', 'usuarios', 'login', 27, 0, 'login'),
(1640, '2023-01-10', '13:09:37', 'usuarios', 'login', 128, 0, 'login'),
(1641, '2023-01-10', '13:11:38', 'usuarios', 'login', 1, 0, 'login'),
(1642, '2023-01-10', '13:14:52', 'usuarios', 'logout', 128, 0, 'logout'),
(1643, '2023-01-11', '09:58:15', 'usuarios', 'login', 16, 0, 'login'),
(1644, '2023-01-11', '10:26:52', 'usuarios', 'login', 39, 0, 'login'),
(1645, '2023-01-11', '10:32:09', 'usuarios', 'login', 4, 0, 'login'),
(1646, '2023-01-11', '11:28:30', 'usuarios', 'login', 136, 0, 'login'),
(1647, '2023-01-11', '11:29:08', 'solicitacao', 'inserção', 136, 417, 'Software'),
(1648, '2023-01-11', '11:32:20', 'usuarios', 'login', 27, 0, 'login'),
(1649, '2023-01-11', '13:22:17', 'usuarios', 'login', 39, 0, 'login'),
(1650, '2023-01-11', '13:22:46', 'solicitacao', 'inserção', 39, 418, 'Impressora'),
(1651, '2023-01-11', '13:33:04', 'solicitacao', 'exclusão', 39, 418, 'Impressora'),
(1652, '2023-01-11', '13:36:47', 'usuarios', 'login', 136, 0, 'login'),
(1653, '2023-01-11', '13:43:33', 'usuarios', 'login', 50, 0, 'login'),
(1654, '2023-01-11', '13:44:20', 'solicitacao', 'inserção', 50, 419, 'Computador'),
(1655, '2023-01-11', '14:11:22', 'usuarios', 'login', 99, 0, 'login'),
(1656, '2023-01-11', '14:36:41', 'usuarios', 'login', 3, 0, 'login'),
(1657, '2023-01-11', '14:37:26', 'usuarios', 'login', 4, 0, 'login'),
(1658, '2023-01-11', '14:44:05', 'usuarios', 'login', 3, 0, 'login'),
(1659, '2023-01-11', '15:33:29', 'usuarios', 'login', 4, 0, 'login'),
(1660, '2023-01-11', '17:44:59', 'usuarios', 'login', 3, 0, 'login'),
(1661, '2023-01-12', '08:49:33', 'usuarios', 'login', 27, 0, 'login'),
(1662, '2023-01-12', '10:52:14', 'usuarios', 'login', 39, 0, 'login'),
(1663, '2023-01-12', '10:52:39', 'solicitacao', 'inserção', 39, 420, 'Impressora'),
(1664, '2023-01-12', '10:54:58', 'solicitacao', 'exclusão', 39, 420, 'Impressora'),
(1665, '2023-01-13', '08:38:14', 'usuarios', 'login', 27, 0, 'login'),
(1666, '2023-01-13', '09:31:58', 'usuarios', 'login', 50, 0, 'login'),
(1667, '2023-01-13', '09:33:15', 'solicitacao', 'inserção', 50, 421, 'Computador'),
(1668, '2023-01-13', '09:34:59', 'usuarios', 'login', 4, 0, 'login'),
(1669, '2023-01-13', '10:02:49', 'usuarios', 'login', 1, 0, 'login'),
(1670, '2023-01-13', '11:18:00', 'usuarios', 'login', 67, 0, 'login'),
(1671, '2023-01-13', '11:23:24', 'solicitacao', 'inserção', 67, 422, 'Outros'),
(1672, '2023-01-13', '12:16:07', 'usuarios', 'login', 136, 0, 'login'),
(1673, '2023-01-13', '12:16:54', 'solicitacao', 'inserção', 136, 423, 'Impressora'),
(1674, '2023-01-13', '12:50:19', 'usuarios', 'login', 4, 0, 'login'),
(1675, '2023-01-13', '13:01:20', 'usuarios', 'login', 80, 0, 'login'),
(1676, '2023-01-13', '13:01:52', 'solicitacao', 'inserção', 80, 424, 'Impressora'),
(1677, '2023-01-13', '13:33:00', 'usuarios', 'login', 44, 0, 'login'),
(1678, '2023-01-13', '13:33:49', 'solicitacao', 'inserção', 44, 425, 'Impressora'),
(1679, '2023-01-13', '14:01:08', 'usuarios', 'login', 1, 0, 'login'),
(1680, '2023-01-13', '14:11:46', 'usuarios', 'logout', 1, 0, 'logout'),
(1681, '2023-01-13', '14:29:08', 'usuarios', 'login', 1, 0, 'login'),
(1682, '2023-01-13', '15:08:41', 'usuarios', 'login', 3, 0, 'login'),
(1683, '2023-01-13', '15:32:35', 'usuarios', 'login', 4, 0, 'login'),
(1684, '2023-01-16', '09:15:44', 'usuarios', 'login', 67, 0, 'login'),
(1685, '2023-01-16', '09:31:15', 'usuarios', 'login', 80, 0, 'login'),
(1686, '2023-01-16', '09:33:18', 'solicitacao', 'inserção', 80, 426, 'Computador'),
(1687, '2023-01-16', '09:46:29', 'usuarios', 'login', 1, 0, 'login'),
(1688, '2023-01-16', '10:03:15', 'usuarios', 'login', 27, 0, 'login'),
(1689, '2023-01-16', '10:53:11', 'usuarios', 'login', 1, 0, 'login'),
(1690, '2023-01-16', '11:13:35', 'usuarios', 'login', 39, 0, 'login'),
(1691, '2023-01-16', '11:17:20', 'solicitacao', 'inserção', 39, 427, 'Outros'),
(1692, '2023-01-16', '11:18:06', 'usuarios', 'login', 80, 0, 'login'),
(1693, '2023-01-16', '11:18:36', 'usuarios', 'login', 4, 0, 'login'),
(1694, '2023-01-16', '11:19:02', 'usuarios', 'login', 98, 0, 'login'),
(1695, '2023-01-16', '11:19:26', 'solicitacao', 'inserção', 80, 428, 'Impressora'),
(1696, '2023-01-16', '12:23:58', 'usuarios', 'login', 128, 0, 'login'),
(1697, '2023-01-16', '13:03:27', 'usuarios', 'login', 100, 0, 'login'),
(1698, '2023-01-16', '13:04:38', 'usuarios', 'logout', 128, 0, 'logout'),
(1699, '2023-01-16', '13:05:27', 'solicitacao', 'inserção', 100, 429, 'Login'),
(1700, '2023-01-16', '13:48:30', 'usuarios', 'login', 1, 0, 'login'),
(1701, '2023-01-16', '15:46:59', 'usuarios', 'login', 4, 0, 'login'),
(1702, '2023-01-16', '16:47:55', 'usuarios', 'login', 39, 0, 'login'),
(1703, '2023-01-16', '16:48:57', 'solicitacao', 'inserção', 39, 430, 'Impressora'),
(1704, '2023-01-16', '18:08:02', 'usuarios', 'login', 4, 0, 'login'),
(1705, '2023-01-16', '18:24:09', 'usuarios', 'login', 3, 0, 'login'),
(1706, '2023-01-17', '08:34:20', 'usuarios', 'login', 27, 0, 'login'),
(1707, '2023-01-17', '09:43:02', 'usuarios', 'login', 6, 0, 'login'),
(1708, '2023-01-17', '09:43:40', 'solicitacao', 'inserção', 6, 431, 'Impressora'),
(1709, '2023-01-17', '10:34:52', 'usuarios', 'login', 4, 0, 'login'),
(1710, '2023-01-17', '11:37:55', 'usuarios', 'login', 4, 0, 'login'),
(1711, '2023-01-17', '12:04:14', 'usuarios', 'login', 44, 0, 'login'),
(1712, '2023-01-17', '12:05:53', 'solicitacao', 'inserção', 44, 432, 'Impressora'),
(1713, '2023-01-17', '12:21:40', 'usuarios', 'logout', 44, 0, 'logout'),
(1714, '2023-01-17', '13:11:36', 'usuarios', 'login', 100, 0, 'login'),
(1715, '2023-01-17', '13:20:18', 'solicitacao', 'inserção', 100, 433, 'Monitor'),
(1716, '2023-01-17', '13:46:39', 'usuarios', 'login', 1, 0, 'login'),
(1717, '2023-01-17', '14:01:28', 'solicitacao', 'inserção', 100, 434, 'Computador'),
(1718, '2023-01-17', '14:47:43', 'usuarios', 'login', 43, 0, 'login'),
(1719, '2023-01-17', '14:49:19', 'solicitacao', 'inserção', 43, 435, 'Impressora'),
(1720, '2023-01-17', '15:36:59', 'usuarios', 'login', 4, 0, 'login'),
(1721, '2023-01-17', '15:43:18', 'usuarios', 'login', 3, 0, 'login'),
(1722, '2023-01-17', '15:44:28', 'usuarios', 'logout', 3, 0, 'logout'),
(1723, '2023-01-18', '09:03:54', 'usuarios', 'login', 27, 0, 'login'),
(1724, '2023-01-18', '09:26:36', 'usuarios', 'login', 4, 0, 'login'),
(1725, '2023-01-18', '09:58:18', 'usuarios', 'login', 98, 0, 'login'),
(1726, '2023-01-18', '09:58:44', 'solicitacao', 'inserção', 98, 436, 'Impressora'),
(1727, '2023-01-18', '10:07:42', 'usuarios', 'login', 100, 0, 'login'),
(1728, '2023-01-18', '10:08:34', 'solicitacao', 'inserção', 100, 437, 'Impressora'),
(1729, '2023-01-18', '10:22:07', 'usuarios', 'login', 84, 0, 'login'),
(1730, '2023-01-18', '10:22:41', 'solicitacao', 'inserção', 84, 438, 'Computador'),
(1731, '2023-01-18', '10:33:28', 'usuarios', 'login', 4, 0, 'login'),
(1732, '2023-01-18', '11:19:42', 'usuarios', 'login', 35, 0, 'login'),
(1733, '2023-01-18', '11:20:35', 'solicitacao', 'inserção', 35, 439, 'Impressora'),
(1734, '2023-01-18', '11:56:48', 'usuarios', 'login', 100, 0, 'login'),
(1735, '2023-01-18', '11:57:40', 'solicitacao', 'inserção', 100, 440, 'Login'),
(1736, '2023-01-18', '12:15:02', 'usuarios', 'login', 4, 0, 'login'),
(1737, '2023-01-18', '12:18:13', 'usuarios', 'login', 1, 0, 'login'),
(1738, '2023-01-18', '12:18:54', 'usuarios', 'logout', 1, 0, 'logout'),
(1739, '2023-01-18', '12:22:06', 'usuarios', 'login', 6, 0, 'login'),
(1740, '2023-01-18', '12:23:00', 'usuarios', 'login', 1, 0, 'login'),
(1741, '2023-01-18', '12:23:22', 'solicitacao', 'inserção', 6, 441, 'Impressora'),
(1742, '2023-01-18', '12:45:50', 'usuarios', 'login', 122, 0, 'login'),
(1743, '2023-01-18', '12:47:32', 'solicitacao', 'inserção', 122, 442, 'Impressora'),
(1744, '2023-01-18', '13:12:23', 'usuarios', 'login', 100, 0, 'login'),
(1745, '2023-01-18', '13:14:17', 'solicitacao', 'inserção', 100, 443, 'Software'),
(1746, '2023-01-18', '13:55:35', 'usuarios', 'login', 27, 0, 'login'),
(1747, '2023-01-18', '13:56:15', 'solicitacao', 'inserção', 27, 444, 'Internet'),
(1748, '2023-01-18', '14:07:02', 'usuarios', 'login', 128, 0, 'login'),
(1749, '2023-01-18', '14:10:12', 'usuarios', 'login', 16, 0, 'login'),
(1750, '2023-01-18', '14:11:26', 'usuarios', 'logout', 16, 0, 'logout'),
(1751, '2023-01-18', '14:12:36', 'usuarios', 'login', 16, 0, 'login'),
(1752, '2023-01-18', '14:12:46', 'usuarios', 'login', 1, 0, 'login'),
(1753, '2023-01-18', '14:14:55', 'usuarios', 'logout', 128, 0, 'logout'),
(1754, '2023-01-18', '14:47:31', 'usuarios', 'login', 4, 0, 'login'),
(1755, '2023-01-18', '16:56:13', 'usuarios', 'login', 43, 0, 'login'),
(1756, '2023-01-18', '16:57:58', 'solicitacao', 'inserção', 43, 445, 'Impressora'),
(1757, '2023-01-18', '16:58:14', 'usuarios', 'logout', 43, 0, 'logout'),
(1758, '2023-01-18', '17:06:21', 'usuarios', 'login', 1, 0, 'login'),
(1759, '2023-01-19', '08:59:43', 'usuarios', 'login', 1, 0, 'login'),
(1760, '2023-01-19', '09:01:22', 'usuarios', 'login', 27, 0, 'login'),
(1761, '2023-01-19', '09:12:31', 'usuarios', 'login', 84, 0, 'login'),
(1762, '2023-01-19', '09:13:25', 'solicitacao', 'inserção', 84, 446, 'Computador'),
(1763, '2023-01-19', '09:15:22', 'solicitacao', 'inserção', 84, 447, 'Computador'),
(1764, '2023-01-19', '09:27:31', 'usuarios', 'logout', 1, 0, 'logout'),
(1765, '2023-01-19', '09:28:02', 'usuarios', 'login', 1, 0, 'login'),
(1766, '2023-01-19', '09:28:28', 'usuarios', 'logout', 1, 0, 'logout'),
(1767, '2023-01-19', '09:28:36', 'usuarios', 'login', 29, 0, 'login'),
(1768, '2023-01-19', '09:29:01', 'solicitacao', 'inserção', 29, 448, 'Internet'),
(1769, '2023-01-19', '09:29:19', 'usuarios', 'logout', 29, 0, 'logout'),
(1770, '2023-01-19', '09:29:37', 'usuarios', 'login', 1, 0, 'login'),
(1771, '2023-01-19', '09:31:27', 'usuarios', 'login', 4, 0, 'login'),
(1772, '2023-01-19', '09:36:54', 'usuarios', 'login', 122, 0, 'login'),
(1773, '2023-01-19', '09:37:20', 'usuarios', 'login', 122, 0, 'login'),
(1774, '2023-01-19', '09:37:46', 'usuarios', 'login', 122, 0, 'login'),
(1775, '2023-01-19', '09:54:57', 'usuarios', 'login', 122, 0, 'login'),
(1776, '2023-01-19', '09:55:23', 'usuarios', 'login', 122, 0, 'login'),
(1777, '2023-01-19', '09:55:50', 'usuarios', 'logout', 122, 0, 'logout'),
(1778, '2023-01-19', '09:56:23', 'usuarios', 'login', 122, 0, 'login'),
(1779, '2023-01-19', '09:57:52', 'solicitacao', 'inserção', 122, 449, 'Impressora'),
(1780, '2023-01-19', '09:58:57', 'solicitacao', 'inserção', 122, 450, 'Computador'),
(1781, '2023-01-19', '10:08:23', 'usuarios', 'login', 133, 0, 'login'),
(1782, '2023-01-19', '10:10:01', 'solicitacao', 'inserção', 133, 451, 'Internet'),
(1783, '2023-01-19', '10:35:58', 'usuarios', 'login', 84, 0, 'login'),
(1784, '2023-01-19', '10:36:43', 'solicitacao', 'inserção', 84, 452, 'Computador'),
(1785, '2023-01-19', '10:53:26', 'usuarios', 'login', 4, 0, 'login'),
(1786, '2023-01-19', '11:13:20', 'usuarios', 'login', 78, 0, 'login'),
(1787, '2023-01-19', '11:13:36', 'usuarios', 'login', 6, 0, 'login'),
(1788, '2023-01-19', '11:14:35', 'solicitacao', 'inserção', 78, 453, 'Outros'),
(1789, '2023-01-19', '11:15:39', 'solicitacao', 'inserção', 6, 454, 'Internet'),
(1790, '2023-01-19', '11:16:48', 'usuarios', 'login', 98, 0, 'login'),
(1791, '2023-01-19', '11:17:05', 'usuarios', 'login', 35, 0, 'login'),
(1792, '2023-01-19', '11:17:20', 'solicitacao', 'inserção', 98, 455, 'Internet'),
(1793, '2023-01-19', '11:17:43', 'solicitacao', 'inserção', 35, 456, 'Computador'),
(1794, '2023-01-19', '11:24:21', 'usuarios', 'login', 1, 0, 'login'),
(1795, '2023-01-19', '11:29:20', 'usuarios', 'login', 133, 0, 'login'),
(1796, '2023-01-19', '11:48:57', 'usuarios', 'login', 148, 0, 'login'),
(1797, '2023-01-19', '12:15:02', 'usuarios', 'login', 43, 0, 'login'),
(1798, '2023-01-19', '12:16:34', 'usuarios', 'login', 1, 0, 'login'),
(1799, '2023-01-19', '12:24:45', 'usuarios', 'login', 50, 0, 'login'),
(1800, '2023-01-19', '12:25:51', 'solicitacao', 'inserção', 50, 457, 'Login'),
(1801, '2023-01-19', '12:34:41', 'usuarios', 'login', 16, 0, 'login'),
(1802, '2023-01-19', '12:49:32', 'usuarios', 'login', 152, 0, 'login'),
(1803, '2023-01-19', '12:52:45', 'solicitacao', 'inserção', 152, 458, 'Computador'),
(1804, '2023-01-19', '13:40:03', 'usuarios', 'login', 4, 0, 'login'),
(1805, '2023-01-19', '13:55:00', 'usuarios', 'login', 16, 0, 'login'),
(1806, '2023-01-19', '14:07:30', 'usuarios', 'login', 3, 0, 'login'),
(1807, '2023-01-19', '14:11:12', 'usuarios', 'login', 1, 0, 'login'),
(1808, '2023-01-19', '14:21:39', 'usuarios', 'login', 50, 0, 'login'),
(1809, '2023-01-19', '14:22:45', 'solicitacao', 'inserção', 50, 459, 'Impressora'),
(1810, '2023-01-19', '14:25:21', 'usuarios', 'logout', 1, 0, 'logout'),
(1811, '2023-01-19', '14:25:55', 'usuarios', 'login', 1, 0, 'login'),
(1812, '2023-01-19', '15:35:01', 'usuarios', 'login', 3, 0, 'login'),
(1813, '2023-01-19', '16:22:39', 'usuarios', 'login', 4, 0, 'login'),
(1814, '2023-01-19', '16:46:33', 'usuarios', 'login', 1, 0, 'login'),
(1815, '2023-01-19', '17:25:30', 'usuarios', 'login', 4, 0, 'login'),
(1816, '2023-01-23', '08:43:10', 'usuarios', 'login', 84, 0, 'login'),
(1817, '2023-01-23', '08:43:42', 'solicitacao', 'inserção', 84, 460, 'Impressora'),
(1818, '2023-01-23', '08:58:02', 'usuarios', 'login', 4, 0, 'login'),
(1819, '2023-01-23', '09:14:48', 'usuarios', 'login', 128, 0, 'login'),
(1820, '2023-01-23', '09:14:50', 'usuarios', 'login', 63, 0, 'login'),
(1821, '2023-01-23', '09:22:25', 'usuarios', 'logout', 128, 0, 'logout'),
(1822, '2023-01-23', '09:34:57', 'usuarios', 'login', 99, 0, 'login'),
(1823, '2023-01-23', '09:37:27', 'solicitacao', 'inserção', 99, 461, 'Computador'),
(1824, '2023-01-23', '09:56:02', 'usuarios', 'login', 35, 0, 'login'),
(1825, '2023-01-23', '09:57:00', 'solicitacao', 'inserção', 35, 462, 'Computador'),
(1826, '2023-01-23', '09:57:54', 'usuarios', 'login', 1, 0, 'login'),
(1827, '2023-01-23', '10:00:05', 'solicitacao', 'exclusão', 35, 462, 'Computador'),
(1828, '2023-01-23', '10:03:01', 'usuarios', 'login', 136, 0, 'login'),
(1829, '2023-01-23', '10:03:44', 'solicitacao', 'inserção', 136, 463, 'Software'),
(1830, '2023-01-23', '10:09:12', 'solicitacao', 'inserção', 35, 464, 'Computador'),
(1831, '2023-01-23', '10:16:52', 'usuarios', 'login', 4, 0, 'login'),
(1832, '2023-01-23', '10:46:52', 'usuarios', 'login', 50, 0, 'login'),
(1833, '2023-01-23', '10:48:38', 'solicitacao', 'inserção', 50, 465, 'Login'),
(1834, '2023-01-23', '10:50:15', 'solicitacao', 'exclusão', 50, 465, 'Login'),
(1835, '2023-01-23', '11:22:26', 'usuarios', 'login', 4, 0, 'login'),
(1836, '2023-01-23', '11:53:40', 'usuarios', 'login', 100, 0, 'login'),
(1837, '2023-01-23', '11:53:41', 'usuarios', 'login', 1, 0, 'login'),
(1838, '2023-01-23', '13:27:31', 'usuarios', 'login', 27, 0, 'login'),
(1839, '2023-01-23', '13:30:37', 'usuarios', 'login', 141, 0, 'login'),
(1840, '2023-01-23', '14:27:04', 'usuarios', 'login', 58, 0, 'login'),
(1841, '2023-01-23', '14:29:56', 'usuarios', 'login', 59, 0, 'login'),
(1842, '2023-01-23', '15:16:00', 'usuarios', 'login', 4, 0, 'login'),
(1843, '2023-01-23', '17:32:11', 'usuarios', 'login', 4, 0, 'login'),
(1844, '2023-01-24', '08:26:29', 'usuarios', 'login', 4, 0, 'login'),
(1845, '2023-01-24', '09:44:44', 'usuarios', 'login', 122, 0, 'login'),
(1846, '2023-01-24', '10:14:46', 'usuarios', 'login', 4, 0, 'login'),
(1847, '2023-01-24', '10:15:55', 'usuarios', 'login', 122, 0, 'login'),
(1848, '2023-01-24', '10:16:30', 'usuarios', 'login', 122, 0, 'login'),
(1849, '2023-01-24', '10:16:42', 'usuarios', 'logout', 122, 0, 'logout'),
(1850, '2023-01-24', '10:16:58', 'usuarios', 'login', 122, 0, 'login'),
(1851, '2023-01-24', '10:18:43', 'usuarios', 'login', 122, 0, 'login'),
(1852, '2023-01-24', '10:18:57', 'usuarios', 'login', 122, 0, 'login'),
(1853, '2023-01-24', '10:19:06', 'usuarios', 'logout', 122, 0, 'logout'),
(1854, '2023-01-24', '10:19:30', 'usuarios', 'login', 122, 0, 'login'),
(1855, '2023-01-24', '10:20:02', 'usuarios', 'login', 122, 0, 'login'),
(1856, '2023-01-24', '10:20:03', 'usuarios', 'logout', 122, 0, 'logout'),
(1857, '2023-01-24', '10:21:02', 'usuarios', 'login', 122, 0, 'login'),
(1858, '2023-01-24', '10:27:40', 'usuarios', 'login', 27, 0, 'login'),
(1859, '2023-01-24', '10:45:43', 'usuarios', 'login', 122, 0, 'login'),
(1860, '2023-01-24', '10:46:33', 'usuarios', 'login', 16, 0, 'login'),
(1861, '2023-01-24', '10:48:35', 'usuarios', 'logout', 16, 0, 'logout'),
(1862, '2023-01-24', '11:37:11', 'usuarios', 'login', 4, 0, 'login'),
(1863, '2023-01-24', '11:55:13', 'usuarios', 'login', 76, 0, 'login'),
(1864, '2023-01-24', '11:58:44', 'usuarios', 'login', 59, 0, 'login'),
(1865, '2023-01-24', '12:00:09', 'usuarios', 'login', 59, 0, 'login'),
(1866, '2023-01-24', '12:14:00', 'usuarios', 'login', 50, 0, 'login'),
(1867, '2023-01-24', '12:14:51', 'usuarios', 'login', 59, 0, 'login'),
(1868, '2023-01-24', '12:19:34', 'usuarios', 'login', 50, 0, 'login'),
(1869, '2023-01-24', '12:44:36', 'usuarios', 'login', 1, 0, 'login'),
(1870, '2023-01-24', '12:47:47', 'solicitacao', 'inserção', 1, 466, 'Outros'),
(1871, '2023-01-24', '12:47:51', 'solicitacao', 'exclusão', 1, 466, 'Outros'),
(1872, '2023-01-24', '13:41:22', 'usuarios', 'login', 129, 0, 'login'),
(1873, '2023-01-24', '13:42:51', 'solicitacao', 'inserção', 129, 467, 'Internet'),
(1874, '2023-01-24', '14:19:23', 'usuarios', 'login', 4, 0, 'login'),
(1875, '2023-01-24', '14:34:49', 'usuarios', 'login', 42, 0, 'login'),
(1876, '2023-01-24', '14:35:45', 'solicitacao', 'inserção', 42, 468, 'Computador'),
(1877, '2023-01-24', '14:36:07', 'usuarios', 'logout', 42, 0, 'logout'),
(1878, '2023-01-24', '15:40:27', 'usuarios', 'login', 3, 0, 'login'),
(1879, '2023-01-24', '16:48:26', 'usuarios', 'login', 1, 0, 'login'),
(1880, '2023-01-24', '16:49:35', 'usuarios', 'login', 3, 0, 'login'),
(1881, '2023-01-25', '09:12:43', 'usuarios', 'login', 80, 0, 'login'),
(1882, '2023-01-25', '09:26:55', 'usuarios', 'login', 27, 0, 'login'),
(1883, '2023-01-25', '09:49:35', 'usuarios', 'login', 39, 0, 'login'),
(1884, '2023-01-25', '09:50:12', 'solicitacao', 'inserção', 39, 469, 'Internet'),
(1885, '2023-01-25', '10:32:15', 'usuarios', 'login', 4, 0, 'login'),
(1886, '2023-01-25', '10:37:48', 'usuarios', 'login', 39, 0, 'login'),
(1887, '2023-01-25', '10:54:13', 'usuarios', 'login', 100, 0, 'login'),
(1888, '2023-01-25', '11:02:24', 'usuarios', 'login', 97, 0, 'login'),
(1889, '2023-01-25', '11:06:27', 'solicitacao', 'inserção', 97, 470, 'Computador'),
(1890, '2023-01-25', '11:25:26', 'usuarios', 'login', 4, 0, 'login'),
(1891, '2023-01-25', '11:27:57', 'usuarios', 'login', 1, 0, 'login'),
(1892, '2023-01-25', '11:51:12', 'usuarios', 'login', 43, 0, 'login'),
(1893, '2023-01-25', '11:53:03', 'solicitacao', 'inserção', 43, 471, 'Impressora'),
(1894, '2023-01-25', '12:02:21', 'usuarios', 'login', 2, 0, 'login'),
(1895, '2023-01-25', '12:13:23', 'usuarios', 'login', 130, 0, 'login'),
(1896, '2023-01-25', '12:15:11', 'solicitacao', 'inserção', 130, 472, 'Computador'),
(1897, '2023-01-25', '12:18:08', 'usuarios', 'login', 4, 0, 'login'),
(1898, '2023-01-25', '13:39:44', 'usuarios', 'login', 1, 0, 'login'),
(1899, '2023-01-25', '13:47:48', 'usuarios', 'login', 129, 0, 'login'),
(1900, '2023-01-25', '13:48:43', 'solicitacao', 'inserção', 129, 473, 'Internet'),
(1901, '2023-01-25', '13:59:14', 'usuarios', 'login', 50, 0, 'login'),
(1902, '2023-01-25', '13:59:29', 'solicitacao', 'inserção', 50, 474, 'Impressora'),
(1903, '2023-01-25', '15:37:04', 'usuarios', 'login', 4, 0, 'login'),
(1904, '2023-01-25', '17:14:53', 'usuarios', 'login', 4, 0, 'login'),
(1905, '2023-01-25', '17:35:47', 'usuarios', 'login', 35, 0, 'login'),
(1906, '2023-01-25', '17:37:22', 'solicitacao', 'inserção', 35, 475, 'Impressora'),
(1907, '2023-01-26', '08:40:45', 'usuarios', 'login', 84, 0, 'login'),
(1908, '2023-01-26', '08:42:10', 'solicitacao', 'inserção', 84, 476, 'Computador'),
(1909, '2023-01-26', '08:54:11', 'usuarios', 'login', 4, 0, 'login'),
(1910, '2023-01-26', '09:02:33', 'usuarios', 'login', 1, 0, 'login'),
(1911, '2023-01-26', '09:08:56', 'usuarios', 'login', 16, 0, 'login'),
(1912, '2023-01-26', '09:10:13', 'usuarios', 'logout', 16, 0, 'logout'),
(1913, '2023-01-26', '09:12:29', 'usuarios', 'login', 157, 0, 'login'),
(1914, '2023-01-26', '09:14:35', 'solicitacao', 'inserção', 157, 477, 'Impressora'),
(1915, '2023-01-26', '10:08:43', 'usuarios', 'login', 44, 0, 'login'),
(1916, '2023-01-26', '10:11:27', 'solicitacao', 'inserção', 44, 478, 'Rede interna'),
(1917, '2023-01-26', '10:15:56', 'usuarios', 'login', 4, 0, 'login'),
(1918, '2023-01-26', '10:20:18', 'usuarios', 'login', 1, 0, 'login'),
(1919, '2023-01-26', '10:39:02', 'usuarios', 'login', 63, 0, 'login'),
(1920, '2023-01-26', '10:40:39', 'solicitacao', 'inserção', 63, 479, 'Impressora'),
(1921, '2023-01-26', '11:02:23', 'usuarios', 'login', 122, 0, 'login'),
(1922, '2023-01-26', '11:02:24', 'usuarios', 'login', 149, 0, 'login'),
(1923, '2023-01-26', '11:14:46', 'usuarios', 'login', 128, 0, 'login'),
(1924, '2023-01-26', '11:21:15', 'usuarios', 'logout', 128, 0, 'logout'),
(1925, '2023-01-26', '14:06:14', 'usuarios', 'login', 27, 0, 'login'),
(1926, '2023-01-26', '14:08:04', 'solicitacao', 'inserção', 27, 480, 'Internet'),
(1927, '2023-01-26', '15:24:02', 'usuarios', 'login', 35, 0, 'login'),
(1928, '2023-01-26', '15:24:25', 'solicitacao', 'inserção', 35, 481, 'Computador'),
(1929, '2023-01-26', '15:35:55', 'usuarios', 'login', 1, 0, 'login'),
(1930, '2023-01-26', '16:40:34', 'usuarios', 'login', 50, 0, 'login'),
(1931, '2023-01-26', '16:41:25', 'solicitacao', 'inserção', 50, 482, 'Impressora'),
(1932, '2023-01-26', '16:46:48', 'usuarios', 'login', 4, 0, 'login'),
(1933, '2023-01-27', '15:19:50', 'usuarios', 'login', 4, 0, 'login'),
(1934, '2023-01-27', '15:44:17', 'usuarios', 'login', 146, 0, 'login'),
(1935, '2023-01-27', '15:45:21', 'solicitacao', 'inserção', 146, 483, 'Internet'),
(1936, '2023-01-27', '15:45:21', 'solicitacao', 'inserção', 146, 484, 'Internet'),
(1937, '2023-01-27', '15:45:21', 'solicitacao', 'inserção', 146, 485, 'Internet'),
(1938, '2023-01-27', '15:45:21', 'solicitacao', 'inserção', 146, 486, 'Internet'),
(1939, '2023-01-27', '15:45:35', 'solicitacao', 'exclusão', 146, 486, 'Internet'),
(1940, '2023-01-27', '15:45:47', 'solicitacao', 'exclusão', 146, 485, 'Internet'),
(1941, '2023-01-27', '15:45:50', 'solicitacao', 'exclusão', 146, 484, 'Internet'),
(1942, '2023-01-27', '17:07:08', 'usuarios', 'login', 94, 0, 'login'),
(1943, '2023-01-27', '17:09:33', 'solicitacao', 'inserção', 94, 487, 'Computador'),
(1944, '2023-01-27', '17:24:21', 'usuarios', 'login', 1, 0, 'login'),
(1945, '2023-01-30', '09:01:15', 'usuarios', 'login', 1, 0, 'login'),
(1946, '2023-01-30', '09:09:57', 'usuarios', 'login', 93, 0, 'login'),
(1947, '2023-01-30', '09:11:35', 'solicitacao', 'inserção', 93, 488, 'Documentos'),
(1948, '2023-01-30', '09:21:38', 'usuarios', 'login', 159, 0, 'login'),
(1949, '2023-01-30', '09:33:02', 'usuarios', 'login', 4, 0, 'login'),
(1950, '2023-01-30', '10:00:00', 'usuarios', 'login', 44, 0, 'login'),
(1951, '2023-01-30', '10:04:00', 'solicitacao', 'inserção', 44, 489, 'Login'),
(1952, '2023-01-30', '10:13:25', 'usuarios', 'login', 66, 0, 'login'),
(1953, '2023-01-30', '10:15:04', 'solicitacao', 'inserção', 66, 490, 'Software'),
(1954, '2023-01-30', '10:33:25', 'usuarios', 'login', 84, 0, 'login'),
(1955, '2023-01-30', '10:55:27', 'usuarios', 'login', 1, 0, 'login'),
(1956, '2023-01-30', '10:56:51', 'usuarios', 'login', 4, 0, 'login'),
(1957, '2023-01-30', '11:11:40', 'usuarios', 'login', 30, 0, 'login'),
(1958, '2023-01-30', '11:13:46', 'solicitacao', 'inserção', 30, 491, 'Computador'),
(1959, '2023-01-30', '11:19:58', 'usuarios', 'login', 158, 0, 'login'),
(1960, '2023-01-30', '11:38:15', 'solicitacao', 'inserção', 158, 492, 'Computador'),
(1961, '2023-01-30', '11:39:25', 'usuarios', 'login', 158, 0, 'login'),
(1962, '2023-01-30', '12:01:24', 'usuarios', 'login', 37, 0, 'login'),
(1963, '2023-01-30', '12:02:10', 'solicitacao', 'inserção', 37, 493, 'Computador'),
(1964, '2023-01-30', '12:23:00', 'usuarios', 'login', 4, 0, 'login'),
(1965, '2023-01-30', '12:46:23', 'usuarios', 'login', 65, 0, 'login'),
(1966, '2023-01-30', '12:47:24', 'solicitacao', 'inserção', 65, 494, 'Impressora'),
(1967, '2023-01-30', '13:05:42', 'usuarios', 'login', 128, 0, 'login'),
(1968, '2023-01-30', '13:06:39', 'usuarios', 'logout', 128, 0, 'logout'),
(1969, '2023-01-30', '13:51:00', 'usuarios', 'login', 3, 0, 'login'),
(1970, '2023-01-30', '13:56:02', 'usuarios', 'login', 37, 0, 'login'),
(1971, '2023-01-30', '13:56:32', 'solicitacao', 'inserção', 37, 496, 'Monitor'),
(1972, '2023-01-30', '14:27:46', 'usuarios', 'login', 1, 0, 'login'),
(1973, '2023-01-30', '14:44:57', 'usuarios', 'login', 146, 0, 'login'),
(1974, '2023-01-30', '14:45:28', 'solicitacao', 'inserção', 146, 497, 'Computador'),
(1975, '2023-01-30', '15:26:31', 'usuarios', 'login', 4, 0, 'login'),
(1976, '2023-01-30', '16:19:52', 'usuarios', 'login', 3, 0, 'login'),
(1977, '2023-01-30', '16:20:29', 'usuarios', 'logout', 3, 0, 'logout'),
(1978, '2023-01-30', '16:31:43', 'usuarios', 'login', 44, 0, 'login'),
(1979, '2023-01-30', '17:24:54', 'usuarios', 'login', 4, 0, 'login'),
(1980, '2023-01-30', '18:26:51', 'usuarios', 'login', 3, 0, 'login'),
(1981, '2023-01-31', '09:01:43', 'usuarios', 'login', 4, 0, 'login'),
(1982, '2023-01-31', '09:07:40', 'usuarios', 'login', 39, 0, 'login'),
(1983, '2023-01-31', '09:08:11', 'solicitacao', 'inserção', 39, 498, 'Impressora'),
(1984, '2023-01-31', '09:33:41', 'usuarios', 'login', 158, 0, 'login'),
(1985, '2023-01-31', '10:04:01', 'usuarios', 'login', 63, 0, 'login'),
(1986, '2023-01-31', '10:07:19', 'solicitacao', 'inserção', 63, 499, 'Impressora'),
(1987, '2023-01-31', '10:29:23', 'usuarios', 'login', 4, 0, 'login'),
(1988, '2023-01-31', '11:26:05', 'usuarios', 'login', 35, 0, 'login'),
(1989, '2023-01-31', '11:26:37', 'solicitacao', 'inserção', 35, 500, 'Impressora'),
(1990, '2023-01-31', '11:29:24', 'usuarios', 'login', 4, 0, 'login'),
(1991, '2023-01-31', '11:49:56', 'usuarios', 'login', 50, 0, 'login'),
(1992, '2023-01-31', '11:50:42', 'solicitacao', 'inserção', 50, 501, 'Impressora'),
(1993, '2023-01-31', '12:04:16', 'usuarios', 'login', 158, 0, 'login'),
(1994, '2023-01-31', '12:32:49', 'usuarios', 'login', 128, 0, 'login'),
(1995, '2023-01-31', '12:34:42', 'usuarios', 'logout', 128, 0, 'logout'),
(1996, '2023-01-31', '13:07:39', 'usuarios', 'login', 54, 0, 'login'),
(1997, '2023-01-31', '13:08:31', 'solicitacao', 'inserção', 54, 502, 'Internet'),
(1998, '2023-01-31', '13:09:42', 'usuarios', 'login', 54, 0, 'login'),
(1999, '2023-01-31', '13:13:43', 'usuarios', 'login', 1, 0, 'login'),
(2000, '2023-01-31', '13:16:48', 'usuarios', 'login', 35, 0, 'login'),
(2001, '2023-01-31', '13:18:08', 'solicitacao', 'inserção', 35, 503, 'Impressora'),
(2002, '2023-01-31', '13:40:03', 'usuarios', 'login', 27, 0, 'login'),
(2003, '2023-01-31', '13:47:45', 'usuarios', 'login', 6, 0, 'login'),
(2004, '2023-01-31', '13:49:12', 'solicitacao', 'inserção', 6, 504, 'Computador'),
(2005, '2023-01-31', '14:20:24', 'usuarios', 'login', 1, 0, 'login'),
(2006, '2023-01-31', '14:31:25', 'usuarios', 'login', 146, 0, 'login'),
(2007, '2023-01-31', '14:32:06', 'solicitacao', 'inserção', 146, 505, 'Rede interna'),
(2008, '2023-01-31', '14:40:03', 'usuarios', 'login', 128, 0, 'login'),
(2009, '2023-01-31', '14:40:20', 'usuarios', 'logout', 128, 0, 'logout'),
(2010, '2023-01-31', '15:33:37', 'usuarios', 'login', 3, 0, 'login'),
(2011, '2023-01-31', '16:05:50', 'usuarios', 'login', 4, 0, 'login'),
(2012, '2023-01-31', '16:15:47', 'usuarios', 'login', 146, 0, 'login'),
(2013, '2023-01-31', '16:17:18', 'solicitacao', 'inserção', 146, 506, 'Impressora'),
(2014, '2023-01-31', '16:18:39', 'usuarios', 'login', 1, 0, 'login'),
(2015, '2023-01-31', '16:32:54', 'usuarios', 'login', 3, 0, 'login'),
(2016, '2023-01-31', '16:39:38', 'usuarios', 'login', 28, 0, 'login'),
(2017, '2023-01-31', '16:43:58', 'solicitacao', 'inserção', 28, 507, 'Internet'),
(2018, '2023-01-31', '16:44:11', 'usuarios', 'login', 146, 0, 'login'),
(2019, '2023-01-31', '16:58:57', 'solicitacao', 'inserção', 146, 508, 'Internet'),
(2020, '2023-01-31', '17:13:25', 'usuarios', 'logout', 146, 0, 'logout'),
(2021, '2023-01-31', '17:36:55', 'usuarios', 'login', 42, 0, 'login'),
(2022, '2023-01-31', '17:38:13', 'solicitacao', 'inserção', 42, 509, 'Documentos'),
(2023, '2023-01-31', '17:38:24', 'usuarios', 'logout', 42, 0, 'logout'),
(2024, '2023-01-31', '17:42:51', 'usuarios', 'login', 1, 0, 'login'),
(2025, '2023-01-31', '18:19:59', 'usuarios', 'login', 3, 0, 'login'),
(2026, '2023-01-31', '18:20:28', 'usuarios', 'login', 1, 0, 'login'),
(2027, '2023-01-31', '18:22:57', 'usuarios', 'logout', 3, 0, 'logout'),
(2028, '2023-01-31', '18:23:14', 'usuarios', 'login', 3, 0, 'login'),
(2029, '2023-01-31', '18:24:15', 'usuarios', 'logout', 3, 0, 'logout'),
(2030, '2023-02-01', '09:43:56', 'usuarios', 'login', 80, 0, 'login'),
(2031, '2023-02-01', '09:44:43', 'solicitacao', 'inserção', 80, 510, 'Impressora'),
(2032, '2023-02-01', '10:01:08', 'usuarios', 'login', 27, 0, 'login'),
(2033, '2023-02-01', '10:56:38', 'usuarios', 'login', 15, 0, 'login'),
(2034, '2023-02-01', '10:57:12', 'usuarios', 'login', 15, 0, 'login'),
(2035, '2023-02-01', '10:58:24', 'solicitacao', 'inserção', 15, 511, 'Impressora'),
(2036, '2023-02-01', '11:02:11', 'usuarios', 'login', 4, 0, 'login'),
(2037, '2023-02-01', '11:19:14', 'usuarios', 'login', 16, 0, 'login'),
(2038, '2023-02-01', '11:25:48', 'usuarios', 'login', 78, 0, 'login'),
(2039, '2023-02-01', '11:27:39', 'solicitacao', 'inserção', 78, 512, 'Rede interna'),
(2040, '2023-02-01', '12:03:45', 'usuarios', 'login', 37, 0, 'login'),
(2041, '2023-02-01', '12:03:46', 'usuarios', 'login', 37, 0, 'login'),
(2042, '2023-02-01', '12:04:52', 'solicitacao', 'inserção', 37, 513, 'Computador'),
(2043, '2023-02-01', '12:06:58', 'solicitacao', 'exclusão', 37, 513, 'Computador'),
(2044, '2023-02-01', '12:48:13', 'usuarios', 'login', 4, 0, 'login'),
(2045, '2023-02-01', '12:58:47', 'usuarios', 'login', 30, 0, 'login'),
(2046, '2023-02-01', '12:59:45', 'solicitacao', 'inserção', 30, 514, 'Rede interna'),
(2047, '2023-02-01', '13:04:59', 'usuarios', 'login', 100, 0, 'login'),
(2048, '2023-02-01', '13:06:29', 'solicitacao', 'inserção', 100, 515, 'Impressora'),
(2049, '2023-02-01', '13:24:53', 'solicitacao', 'inserção', 100, 516, 'Impressora'),
(2050, '2023-02-01', '13:21:24', 'usuarios', 'logout', 1, 0, 'logout'),
(2051, '2023-02-01', '13:21:34', 'usuarios', 'login', 1, 0, 'login'),
(2052, '2023-02-01', '13:21:47', 'usuarios', 'logout', 1, 0, 'logout'),
(2053, '2023-02-01', '14:20:02', 'usuarios', 'login', 1, 0, 'login'),
(2054, '2023-02-01', '14:22:44', 'usuarios', 'logout', 1, 0, 'logout'),
(2055, '2023-02-01', '14:59:55', 'usuarios', 'login', 1, 0, 'login'),
(2056, '2023-02-01', '15:00:19', 'usuarios', 'logout', 1, 0, 'logout'),
(2057, '2023-02-01', '15:00:29', 'usuarios', 'login', 128, 0, 'login'),
(2058, '2023-02-01', '15:00:54', 'usuarios', 'logout', 128, 0, 'logout'),
(2059, '2023-02-01', '15:00:57', 'usuarios', 'login', 1, 0, 'login'),
(2060, '2023-02-01', '15:01:02', 'usuarios', 'logout', 1, 0, 'logout'),
(2061, '2023-02-02', '09:41:17', 'usuarios', 'login', 1, 0, 'login'),
(2062, '2023-02-02', '14:34:51', 'usuarios', 'login', 1, 0, 'login'),
(2063, '2023-02-02', '15:27:04', 'usuarios', 'logout', 1, 0, 'logout'),
(2064, '2023-02-02', '16:07:11', 'usuarios', 'login', 1, 0, 'login'),
(2065, '2023-02-02', '16:42:49', 'solicitacao', 'inserção', 1, 517, 'Documentos'),
(2066, '2023-02-02', '16:43:36', 'usuarios', 'logout', 1, 0, 'logout'),
(2067, '2023-02-02', '16:43:44', 'usuarios', 'login', 163, 0, 'login'),
(2068, '2023-02-02', '16:43:59', 'solicitacao', 'inserção', 163, 518, 'Rede interna'),
(2069, '2023-02-02', '16:44:04', 'usuarios', 'logout', 163, 0, 'logout'),
(2070, '2023-02-02', '16:44:06', 'usuarios', 'login', 1, 0, 'login'),
(2071, '2023-02-02', '16:46:14', 'usuarios', 'logout', 1, 0, 'logout'),
(2072, '2023-02-02', '16:47:26', 'usuarios', 'login', 1, 0, 'login'),
(2073, '2023-02-02', '16:54:55', 'usuarios', 'logout', 1, 0, 'logout'),
(2074, '2023-02-03', '10:58:02', 'usuarios', 'login', 1, 0, 'login'),
(2075, '2023-02-03', '10:59:25', 'usuarios', 'logout', 1, 0, 'logout'),
(2076, '2023-02-03', '11:11:04', 'usuarios', 'login', 1, 0, 'login'),
(2077, '2023-02-03', '11:15:12', 'usuarios', 'logout', 1, 0, 'logout'),
(2078, '2023-02-03', '11:19:18', 'usuarios', 'login', 1, 0, 'login'),
(2079, '2023-02-03', '11:19:49', 'usuarios', 'logout', 1, 0, 'logout'),
(2080, '2023-02-06', '08:28:09', 'usuarios', 'login', 1, 0, 'login'),
(2081, '2023-02-06', '09:13:36', 'usuarios', 'logout', 1, 0, 'logout'),
(2082, '2023-02-06', '10:25:29', 'usuarios', 'login', 1, 0, 'login'),
(2083, '2023-02-07', '08:36:06', 'usuarios', 'logout', 1, 0, 'logout'),
(2084, '2023-02-07', '12:12:18', 'usuarios', 'login', 1, 0, 'login'),
(2085, '2023-02-07', '12:19:25', 'usuarios', 'logout', 1, 0, 'logout'),
(2086, '2023-02-07', '12:19:33', 'usuarios', 'login', 1, 0, 'login'),
(2087, '2023-02-27', '13:41:47', 'usuarios', 'login', 1, 0, 'login'),
(2088, '2023-02-27', '16:11:50', 'usuarios', 'logout', 1, 0, 'logout'),
(2089, '2023-03-02', '11:01:20', 'usuarios', 'login', 1, 0, 'login'),
(2090, '2023-03-02', '11:18:49', 'solicitacao', 'inserção', 1, 519, 'Computador'),
(2091, '2023-03-02', '11:24:47', 'solicitacao', 'inserção', 1, 520, 'Motorista'),
(2092, '2023-03-02', '11:25:15', 'solicitacao', 'inserção', 1, 521, 'Motorista'),
(2093, '2023-03-02', '11:25:23', 'solicitacao', 'inserção', 1, 522, 'Motorista'),
(2094, '2023-03-02', '11:26:47', 'solicitacao', 'inserção', 1, 523, 'Motorista'),
(2095, '2023-03-02', '11:27:00', 'solicitacao', 'inserção', 1, 524, 'Motorista'),
(2096, '2023-03-02', '11:27:07', 'solicitacao', 'exclusão', 1, 524, 'Motorista'),
(2097, '2023-03-02', '11:27:09', 'solicitacao', 'exclusão', 1, 523, 'Motorista'),
(2098, '2023-03-02', '11:27:10', 'solicitacao', 'exclusão', 1, 522, 'Motorista'),
(2099, '2023-03-02', '11:27:11', 'solicitacao', 'exclusão', 1, 521, 'Motorista'),
(2100, '2023-03-02', '11:27:13', 'solicitacao', 'exclusão', 1, 520, 'Motorista'),
(2101, '2023-03-02', '11:27:14', 'solicitacao', 'exclusão', 1, 519, 'Computador'),
(2102, '2023-03-02', '11:28:17', 'solicitacao', 'inserção', 1, 525, 'Motorista'),
(2103, '2023-03-03', '10:06:08', 'usuarios', 'login', 6, 0, 'login'),
(2104, '2023-03-03', '10:06:39', 'solicitacao', 'inserção', 6, 526, 'Motorista'),
(2105, '2023-03-03', '10:07:16', 'usuarios', 'login', 26, 0, 'login'),
(2106, '2023-03-03', '10:10:59', 'usuarios', 'logout', 26, 0, 'logout'),
(2107, '2023-03-03', '10:11:21', 'usuarios', 'login', 6, 0, 'login'),
(2108, '2023-03-03', '10:50:49', 'usuarios', 'login', 26, 0, 'login'),
(2109, '2023-03-03', '11:25:05', 'solicitacao', 'inserção', 6, 527, 'Motorista'),
(2110, '2023-03-03', '11:27:12', 'usuarios', 'login', 26, 0, 'login'),
(2111, '2023-03-03', '12:43:13', 'usuarios', 'login', 26, 0, 'login'),
(2112, '2023-03-03', '12:43:28', 'usuarios', 'login', 6, 0, 'login'),
(2113, '2023-03-03', '12:48:18', 'usuarios', 'logout', 26, 0, 'logout'),
(2114, '2023-03-03', '12:48:37', 'usuarios', 'login', 4, 0, 'login'),
(2115, '2023-03-03', '13:10:52', 'solicitacao', 'exclusão', 6, 527, 'Motorista'),
(2116, '2023-03-06', '10:25:41', 'usuarios', 'login', 7, 0, 'login'),
(2117, '2023-03-06', '10:26:30', 'usuarios', 'login', 4, 0, 'login'),
(2118, '2023-03-06', '10:32:36', 'usuarios', 'login', 26, 0, 'login');
INSERT INTO `logs` (`id`, `data`, `hora`, `tabela`, `acao`, `usuario`, `id_reg`, `descricao`) VALUES
(2119, '2023-03-06', '10:34:00', 'usuarios', 'logout', 26, 0, 'logout'),
(2120, '2023-03-06', '10:34:05', 'usuarios', 'login', 6, 0, 'login'),
(2121, '2023-03-06', '10:34:50', 'usuarios', 'login', 6, 0, 'login'),
(2122, '2023-03-06', '10:37:50', 'usuarios', 'login', 4, 0, 'login'),
(2123, '2023-03-06', '11:01:38', 'solicitacao', 'inserção', 6, 528, 'Motorista'),
(2124, '2023-03-06', '11:10:53', 'solicitacao', 'inserção', 6, 529, 'Urbano'),
(2125, '2023-03-06', '11:12:35', 'solicitacao', 'exclusão', 6, 528, 'Motorista'),
(2126, '2023-03-06', '11:12:41', 'solicitacao', 'exclusão', 6, 529, 'Urbano'),
(2127, '2023-03-06', '11:13:00', 'solicitacao', 'inserção', 6, 530, 'Urbano'),
(2128, '2023-03-06', '11:44:17', 'solicitacao', 'inserção', 6, 531, 'Urbano'),
(2129, '2023-03-06', '11:47:52', 'solicitacao', 'inserção', 6, 532, 'Intermunicipal'),
(2130, '2023-03-06', '11:53:48', 'solicitacao', 'exclusão', 6, 531, 'Urbano'),
(2131, '2023-03-06', '11:53:50', 'solicitacao', 'exclusão', 6, 532, 'Intermunicipal'),
(2132, '2023-03-06', '11:55:24', 'solicitacao', 'inserção', 6, 533, 'Urbano'),
(2133, '2023-03-06', '12:01:14', 'solicitacao', 'inserção', 6, 534, 'Intermunicipal'),
(2134, '2023-03-06', '14:38:43', 'usuarios', 'login', 6, 0, 'login'),
(2135, '2023-03-06', '14:39:02', 'solicitacao', 'inserção', 6, 535, 'Intermunicipal'),
(2136, '2023-03-06', '14:39:21', 'usuarios', 'login', 4, 0, 'login');

-- --------------------------------------------------------

--
-- Estrutura para tabela `redesocial`
--

CREATE TABLE `redesocial` (
  `id` int(11) NOT NULL,
  `nome` varchar(100) NOT NULL
) ENGINE=InnoDB DEFAULT CHARSET=utf8 COLLATE=utf8_general_ci;

--
-- Despejando dados para a tabela `redesocial`
--

INSERT INTO `redesocial` (`id`, `nome`) VALUES
(1, 'Facebook'),
(2, 'Linkedin'),
(3, 'Instagram'),
(4, 'Twitter'),
(5, 'Youtube');

-- --------------------------------------------------------

--
-- Estrutura para tabela `setor`
--

CREATE TABLE `setor` (
  `id` int(11) NOT NULL,
  `nome` varchar(50) NOT NULL,
  `foto` varchar(100) NOT NULL
) ENGINE=InnoDB DEFAULT CHARSET=utf8 COLLATE=utf8_general_ci;

--
-- Despejando dados para a tabela `setor`
--

INSERT INTO `setor` (`id`, `nome`, `foto`) VALUES
(1, 'GABINETE APOIO', '02-02-2023-16-48-33-gabinete.png'),
(2, 'DPSB', '03-02-2023-11-13-41-dpsb.png'),
(3, 'DPSE', '03-02-2023-11-13-51-dpse.png'),
(4, 'TRANSPORTE', ''),
(5, 'UGAM', ''),
(6, 'RH', '03-02-2023-11-11-30-rh.png'),
(7, 'ADMINISTRAÇÃO', ''),
(8, 'NTI', ''),
(9, 'NOF', '03-02-2023-11-15-08-nof.png'),
(10, 'NCC', '03-02-2023-11-14-52-ncc.png'),
(11, 'ASCOM', ''),
(12, 'ASSESSORIA ESPECIALIZADA', ''),
(13, 'CAISAN', '03-02-2023-11-11-54-caisan.png'),
(14, 'CIB', ''),
(15, 'CMAGI', '03-02-2023-11-13-26-cmagi.png'),
(16, 'CEAS', '03-02-2023-11-12-38-ceas.png'),
(17, 'CEDCAR', ''),
(18, 'CEDDIR', '03-02-2023-11-12-59-cedir.png'),
(19, 'CETERR', ''),
(20, 'COEDE', ''),
(21, 'CEJUVED', ''),
(22, 'DPETR', ''),
(23, 'GABINENTE ADJ', ''),
(24, 'GABINETE SECRETÁRIA', ''),
(25, 'CIAPD', '03-02-2023-11-19-43-cedir.png'),
(26, 'NÃO CADASTRADO', ''),
(27, 'PATRIMONIO', ''),
(28, 'PAR', ''),
(29, 'COLO MÃE', ''),
(30, 'CEAC - C. LOGÍSTICO', '03-02-2023-11-12-18-ceac_logistico.png'),
(31, 'CEAC - COORD CESTA', ''),
(32, 'DPETR - QUALIFIC', ''),
(33, 'GABINETE - AGE', ''),
(34, 'GABINETE RECPÇ', ''),
(35, 'ESPORTE', ''),
(36, 'DPSE - Casa de Passagem', ''),
(37, 'SEEDIS - Gabinete', ''),
(38, 'CEAC - FINANCEIRO', '03-02-2023-11-12-08-ceac_financeiro.png'),
(40, 'GTEP', ''),
(41, 'Consultoria Técnica', ''),
(42, 'RH - Saúde', ''),
(43, 'CEPPM', ''),
(44, 'ABRIGO MASCULINO', ''),
(45, 'CMB - CASA MARIA', '');

-- --------------------------------------------------------

--
-- Estrutura para tabela `solicitacao`
--

CREATE TABLE `solicitacao` (
  `id` int(11) NOT NULL,
  `solicitante` int(11) NOT NULL,
  `data_solicitacao` datetime NOT NULL,
  `tipo_chamado` varchar(40) NOT NULL,
  `descricao` varchar(500) DEFAULT NULL,
  `destino` varchar(500) NOT NULL,
  `data_atendimento` date NOT NULL,
  `hora_atendimento` time NOT NULL,
  `atendimento` varchar(20) NOT NULL,
  `km_inicial` int(11) NOT NULL,
  `km_final` int(11) NOT NULL,
  `tecnico` int(11) NOT NULL,
  `obstecnico` varchar(1000) NOT NULL,
  `data_tec` datetime NOT NULL,
  `tombamento` varchar(50) DEFAULT NULL
) ENGINE=InnoDB DEFAULT CHARSET=utf8 COLLATE=utf8_general_ci;

--
-- Despejando dados para a tabela `solicitacao`
--

INSERT INTO `solicitacao` (`id`, `solicitante`, `data_solicitacao`, `tipo_chamado`, `descricao`, `destino`, `data_atendimento`, `hora_atendimento`, `atendimento`, `km_inicial`, `km_final`, `tecnico`, `obstecnico`, `data_tec`, `tombamento`) VALUES
(530, 6, '2023-03-06 11:13:00', 'Urbano', 'setrabes', 'ciapd', '0000-00-00', '00:00:00', 'Finalizado', 0, 0, 7, '456', '2023-03-06 14:37:24', ''),
(535, 6, '2023-03-06 14:39:02', 'Intermunicipal', 'casa', 'trabalho', '0000-00-00', '00:00:00', 'Finalizado', 123, 1234, 7, 'pneu furou', '2023-03-06 14:42:28', '');

-- --------------------------------------------------------

--
-- Estrutura para tabela `tarefas`
--

CREATE TABLE `tarefas` (
  `id` int(11) NOT NULL,
  `titulo` varchar(40) NOT NULL,
  `descricao` varchar(100) DEFAULT NULL,
  `hora` time NOT NULL,
  `data` date NOT NULL,
  `usuario` int(11) NOT NULL,
  `status` varchar(15) NOT NULL,
  `obs` varchar(1000) DEFAULT NULL
) ENGINE=InnoDB DEFAULT CHARSET=utf8 COLLATE=utf8_general_ci;

-- --------------------------------------------------------

--
-- Estrutura para tabela `usuarios`
--

CREATE TABLE `usuarios` (
  `id` int(11) NOT NULL,
  `nome` varchar(50) NOT NULL,
  `cpf` varchar(20) NOT NULL,
  `email` varchar(50) NOT NULL,
  `senha_crip` varchar(150) NOT NULL,
  `senha` varchar(25) NOT NULL,
  `nivel` varchar(25) NOT NULL,
  `foto` varchar(100) NOT NULL,
  `id_func` int(11) NOT NULL,
  `ativo` varchar(5) NOT NULL
) ENGINE=InnoDB DEFAULT CHARSET=utf8 COLLATE=utf8_general_ci;

--
-- Despejando dados para a tabela `usuarios`
--

INSERT INTO `usuarios` (`id`, `nome`, `cpf`, `email`, `senha_crip`, `senha`, `nivel`, `foto`, `id_func`, `ativo`) VALUES
(1, 'Gene Charles', '44638442234', 'aprendendorr@gmail.com', '70fb3dbd4b855d609ecba6cee42ebdde', 'gene@1240', 'Administrador', '01-02-2023-14-20-19-euxin.png', 0, 'Sim'),
(2, 'CHARLES', '01807300293', 'charles@setrabes.com', '81dc9bdb52d04dc20036dbd8313ed055', '1234', 'Técnico', '02-08-2022-09-49-52-charles.jpg', 1, 'Sim'),
(3, 'MARCUS VINICIUS DE SOUSA CARVALHO', '70117562130', 'vinivinicius857@gmail.com', '9b314b96f5056699155fca03e326ebeb', '10102201', 'Técnico', '08-08-2022-12-56-20-marcus.jpg', 2, 'Sim'),
(4, 'ALESSANDRA PEREIRA PALHETA', '61126560278', 'alessandra.palheta@setrabes.rr.gov.br', '4cd51e51a4225287c8bb2fa0eb4343e1', '123@mudar', 'Gerente', '04-08-2022-17-17-33-WhatsApp-Image-2022-08-04-at-17.17.11.jpeg', 3, 'Sim'),
(6, 'JOSAFÁ LIMA MESQUITA', '24174416249', 'josafa@gmail.com', '4cd51e51a4225287c8bb2fa0eb4343e1', '123@mudar', 'Usuarios', '02-08-2022-10-42-51-josafa.jpg', 4, 'Sim'),
(7, 'EDILBERTO JOSE BEZERRA', '32332610200', 'joseedilberto1970@yahoo.com', '4cd51e51a4225287c8bb2fa0eb4343e1', '123@mudar', 'Técnico', 'sem-perfil.jpg', 5, 'Sim'),
(9, 'DAIANA ROSS VERAS PEREIRA', '96155388253', 'daina@setrabes.com', 'e2992e13d243c59e440175f3d3259463', '190489', 'Usuarios', '18-08-2022-13-51-52-cristiane.jpg', 7, 'Sim'),
(14, 'YGHOR DE SOUZA CRUZ E SILVA', '01352367203', 'yghor@setrabes.com', '352025e76dcf4ab92c40ea3a62e4b3a1', '91193172yg', 'Usuarios', 'sem-perfil.jpg', 12, 'Sim'),
(15, 'SORAYA HELENA CHACON BORGES JORGE', '383.131.972-34', 'soraya@setrabes.com', '1842a919a77f1e72635bc7235bd7ec1c', '040588', 'Usuarios', '18-08-2022-14-06-29-soraya.jpg', 13, 'Sim'),
(16, 'RUYDERLAN ARMANDO CONDE LESSA', '03204914257', 'condelessa@gmail.com', 'f63bdade4be1acdd8b89339f1c984fc9', '!241068a3340', 'Técnico', '08-08-2022-13-04-32-RUY.jpg', 14, 'Sim'),
(17, 'ABILIO OTILIO BEZERRA FILHO', '45642320459', 'abilio@setrabes.com', '4cd51e51a4225287c8bb2fa0eb4343e1', '123@mudar', 'Usuarios', '08-08-2022-16-45-21-abilio.jpg', 15, 'Sim'),
(18, 'CRISTIANE CARDOSO SILVA', '52527590225', 'cristiane@setrabes.com', '4cd51e51a4225287c8bb2fa0eb4343e1', '123@mudar', 'Usuarios', '18-08-2022-13-51-23-sem_foto_f.png', 16, 'Sim'),
(19, 'ANTONIO RAIMUNDO LOPES LEAL', '52078191353', 'antonio.lopes.leall@gmail.com', '4cd51e51a4225287c8bb2fa0eb4343e1', '123@mudar', 'Usuarios', '08-08-2022-16-42-42-foto-antônio.jpg', 17, 'Sim'),
(20, 'ILMA PEREIRA DE OLIVEIRA', '72545127787', 'ilma@setrabes.com', '4cd51e51a4225287c8bb2fa0eb4343e1', '123@mudar', 'Usuarios', '18-08-2022-14-11-34-ilma.jpg', 18, 'Sim'),
(21, 'GABRIEL MACIEL FERNANDES SILVA', '03175675271', 'gabriel100_vc@hotmail.com', '4cd51e51a4225287c8bb2fa0eb4343e1', '123@mudar', 'Usuarios', '04-08-2022-12-45-24-gabriel.jpg', 19, 'Sim'),
(22, 'RUDINEIA DOS SANTOS SILVA', '68012098253', 'rudineiasantos6@gmail.com', '89b9c689a57b82e59074c6ba09aa394d', '5792', 'Usuarios', '04-08-2022-12-44-28-rudneia.jpg', 20, 'Sim'),
(23, 'GEIZA I. P. DE OLIVEIRA RIBEIRO', '38334518234', 'geiza@setrabes.com', '4cd51e51a4225287c8bb2fa0eb4343e1', '123@mudar', 'Usuarios', '02-08-2022-10-40-28-geisa.jpg', 21, 'Sim'),
(24, 'ANDREA PIRES ARAUJO', '63040492004', 'andreatrilegal@hotmail.com', '7e479671c95952ec5f36d51217562438', 'Trilegal@123', 'Usuarios', '15-08-2022-11-12-16-andrea.jpg', 22, 'Sim'),
(26, 'DENYM ANDRADE QUEIROZ', '89972570134', 'denis@setrabes', '4cd51e51a4225287c8bb2fa0eb4343e1', '123@mudar', 'Administrador', '04-08-2022-13-22-07-denis.jpg', 0, 'Sim'),
(27, 'kailane da silva castro ', '042.878.692-81', 'kailanecastro2912@gmail.com', '4cd51e51a4225287c8bb2fa0eb4343e1', '123@mudar', 'Usuarios', '27-12-2022-12-37-56-WhatsApp-Image-2022-12-27-at-12.37.35-PM.jpeg', 24, 'Sim'),
(28, 'Dinha Francisca de Macedo', '53726162453', 'dinhamacedo2000@yahoo.com.br', '4cd51e51a4225287c8bb2fa0eb4343e1', '123@mudar', 'Usuarios', '22-08-2022-10-58-10-dinha2.jpg', 25, 'Sim'),
(29, 'MARIA DOS REMÉDIOS GOMES DA SILVA', '51875071253', 'mariazinha1128@gmail.com', '4cd51e51a4225287c8bb2fa0eb4343e1', '123@mudar', 'Usuarios', '19-01-2023-09-03-13-remedio.jpeg', 26, 'Sim'),
(30, 'MONICA THAYSA MARIDONIA PEREIRA VIANA', '03539277242', 'monicathaysa09@gmail.com', '4cd51e51a4225287c8bb2fa0eb4343e1', '123@mudar', 'Usuarios', '19-08-2022-10-17-25-monica.jpg', 27, 'Sim'),
(31, 'Bruna Gabrielle Rodrigues Soares', '03637645262', 'brunagabrielle36@hotmail.com', '4cd51e51a4225287c8bb2fa0eb4343e1', '123@mudar', 'Usuarios', '08-08-2022-13-09-54-bruna.jpg', 28, 'Sim'),
(32, 'LARISSA ALMEIDA RAMOS ', '93215835215', 'almeidalarissa642@gmail.com', '4cd51e51a4225287c8bb2fa0eb4343e1', '123@mudar', 'Usuarios', '19-08-2022-10-54-03-larissa.jpeg', 29, 'Sim'),
(33, 'NILMARA Suely da Silva Melo', '38290456204', 'nilmara2216@gmail.com', '10cc2fbb242b43e42fa94ddc16a7f3ff', '866516', 'Usuarios', '09-08-2022-10-05-03-nilmara.jpg', 30, 'Sim'),
(34, 'LAUANA DE OLIVEIRA MOURA ', '05550676290', 'lauanaoliveira11@gmail.com', '4cd51e51a4225287c8bb2fa0eb4343e1', '123@mudar', 'Usuarios', '17-08-2022-15-53-21-lauana.jpeg', 31, 'Sim'),
(35, 'MARIANA DA SILVA MONTEIRO', '02479394204', 'marianacaua2531@gmail.com', 'fd74e00408d7a25b6ff4d1fd0a9a5964', '22532253', 'Usuarios', '10-08-2022-12-09-35-mariana.jpg', 32, 'Sim'),
(36, 'MARA G DA SILVA VALLE', '65069528220', 'mara.gizelly@gmail.com', '4cd51e51a4225287c8bb2fa0eb4343e1', '123@mudar', 'Usuarios', '09-08-2022-12-20-32-maragizelly.jpg', 33, 'Sim'),
(37, 'TUANNE LOBATO', '06318135278', 'tuannelobato13@gmail.com', '4cd51e51a4225287c8bb2fa0eb4343e1', '123@mudar', 'Usuarios', '09-08-2022-12-16-04-tuane.jpg', 34, 'Sim'),
(38, 'Silmara Costa de Oliveira', '85704750206', 'silmaracostarr@gmail.com', '16c4921a74cf54fc17e14f699e76da80', 'Paz201030!', 'Usuarios', '19-08-2022-10-15-10-Silmara.jpeg', 35, 'Sim'),
(39, 'Priscila Rodrigues Melo', '00035951290', 'priscilarmelo0@gmail.com', '4cd51e51a4225287c8bb2fa0eb4343e1', '123@mudar', 'Usuarios', '19-08-2022-10-13-15-Priscila.jpeg', 36, 'Sim'),
(40, 'ANA PAULA CARVALHO MARQUES', '00991001265', 'pptorresrr@gmail.com', '4cd51e51a4225287c8bb2fa0eb4343e1', '123@mudar', 'Usuarios', '09-08-2022-13-15-59-anapaula.jpg', 37, 'Sim'),
(41, 'ELENALDO SILVA DE SOUZA', '77737520287', 'elenaldo.souza@bol.com.br', '4cd51e51a4225287c8bb2fa0eb4343e1', '123@mudar', 'Usuarios', '09-08-2022-15-03-12-leno.jpg', 38, 'Sim'),
(42, 'CLECIA DO NASCIMENTO CRUZ', '03721481232', 'cleciastiffler@gmail.com', '4cd51e51a4225287c8bb2fa0eb4343e1', '123@mudar', 'Usuarios', '09-08-2022-16-39-28-clecia.jpg', 39, 'Sim'),
(43, 'RITA DE CASSIA REIS', '44693478253', 'cassiareisrr@gmail.com', '4cd51e51a4225287c8bb2fa0eb4343e1', '123@mudar', 'Usuarios', '10-08-2022-09-46-36-rita.jpg', 40, 'Sim'),
(44, 'Marcelo Izidorio Bezerra', '00980969239', 'marcelo_izidorio@outlook.com', '4cd51e51a4225287c8bb2fa0eb4343e1', '123@mudar', 'Usuarios', '17-08-2022-14-38-56-marcelo.jpg', 41, 'Sim'),
(45, 'NONANGHARA DOS SANTOS ARAÚJO', '89088433291', 'nonanghara@hotmail.com', '4cd51e51a4225287c8bb2fa0eb4343e1', '123@mudar', 'Usuarios', '10-08-2022-12-08-10-nona.jpg', 42, 'Sim'),
(46, 'Celia Mota de Carvalho', '60122474268', 'celiadecarvalho@ig.com.br', '4cd51e51a4225287c8bb2fa0eb4343e1', '123@mudar', 'Usuarios', '10-08-2022-11-14-16-celia.jpg', 43, 'Sim'),
(47, 'VANDERLEIA ALENCAR SILVA', '96176709253', 'derleiaalencar@gmail.com', '4cd51e51a4225287c8bb2fa0eb4343e1', '123@mudar', 'Usuarios', '10-08-2022-12-09-18-vanderleia.jpg', 44, 'Sim'),
(48, 'Denym Andrade Queiroz', '89972570134', 'denymrr@hotmail.com', '4cd51e51a4225287c8bb2fa0eb4343e1', '123@mudar', 'Técnico', '10-08-2022-12-33-10-denis.jpg', 45, 'Sim'),
(49, 'EARLE ANDRE ROCCA', '71285572106', 'earlelarocca1303@gmail.com', '4cd51e51a4225287c8bb2fa0eb4343e1', '123@mudar', 'Usuarios', '10-08-2022-12-53-19-ROCCA.jpg', 46, 'Sim'),
(50, 'LUIZA YZANIRA SOUZA SANTOS', '03284761292', 'lhuizadias@icloud.com', '4cd51e51a4225287c8bb2fa0eb4343e1', '123@mudar', 'Usuarios', '11-08-2022-10-48-01-luiza-.jpg', 47, 'Sim'),
(51, 'CLERES ALVARENGA CAVALCANTE', '44713746215', 'cleres.setrabes@gmail.com', '3310f2005dcbe1801b47b04a0d32cd68', '03@neto', 'Usuarios', '11-08-2022-09-47-09-CLERES.jpg', 48, 'Sim'),
(52, 'GUILHERME DOS SANTOS UCHÔA', '02678876209', 'guilherme_dsu@hotmail.com', '4cd51e51a4225287c8bb2fa0eb4343e1', '123@mudar', 'Usuarios', '11-08-2022-10-53-54-187049518_516149692873648_2974332264845855299_n.jpg', 49, 'Sim'),
(53, 'VANIA LIBERATO DA SILVA ', '65764498287', 'vanialiberato@gmail.com', '4cd51e51a4225287c8bb2fa0eb4343e1', '123@mudar', 'Usuarios', '11-08-2022-11-18-33-294764482_1729173760767835_694249608038562160_n.jpg', 50, 'Sim'),
(54, 'HELAYNE MACEDO', '44631928204', 'hppatricia5@gmail.com', '4cd51e51a4225287c8bb2fa0eb4343e1', '123@mudar', 'Usuarios', '11-08-2022-11-17-18-257524786_593872361928745_5664422350266839470_n.jpg', 51, 'Sim'),
(55, 'LUZIANE BRAGA FERREIRA', '59551844220', 'luizy.ferreira77@gmail.com', '4cd51e51a4225287c8bb2fa0eb4343e1', '123@mudar', 'Usuarios', '16-08-2022-09-10-39-LUZIANE.jpg', 52, 'Sim'),
(56, 'FRANCISCA AURICELIA BARBOSA DE SOUSA', '06712687322', 'auricelianoite@hotmail.com', '4cd51e51a4225287c8bb2fa0eb4343e1', '123@mudar', 'Usuarios', '16-08-2022-13-47-16-franscisca.jpeg', 53, 'Sim'),
(57, 'Rita Maria Martins de Oliveira ', '50882678272', 'ritamariamartinsdeoliveira@gmail.com', '4cd51e51a4225287c8bb2fa0eb4343e1', '123@mudar', 'Usuarios', '15-08-2022-11-20-55-rita_.jpg', 54, 'Sim'),
(58, 'Rose Souza e Silva', '40636313204', 'rose.silva@setrabes.rr.gov.br', '4cd51e51a4225287c8bb2fa0eb4343e1', '123@mudar', 'Usuarios', '16-08-2022-09-02-15-ROSE.jpg', 55, 'Sim'),
(59, 'Magdiel Sousa Silva', '69354570259', 'magdiel.silva@setrabes.rr.gov.br', '20a45af57e50d3361bde36140c049ea3', 'escolido', 'Usuarios', '16-08-2022-09-56-05-242458532_1417626695300465_1455442367051028746_n.jpg', 56, 'Sim'),
(60, 'Alessandra Sinopolis Malacarne', '62891090900', 'ceas_rr@hotmail.com', '25d55ad283aa400af464c76d713c07ad', '12345678', 'Usuarios', '16-08-2022-08-55-48-MALACARTE.jpg', 57, 'Sim'),
(61, 'Raquel Maria de Sousa Amaral ', '59462671249', 'kel.amaral@hotmail.com', '4cd51e51a4225287c8bb2fa0eb4343e1', '123@mudar', 'Usuarios', '16-08-2022-09-03-33-RAQUEL.jpg', 58, 'Sim'),
(62, 'Ingridy Shirley Castro Morais ', '76508455249', 'ingridyshirley49@gmail.com', '4cd51e51a4225287c8bb2fa0eb4343e1', '123@mudar', 'Usuarios', '16-08-2022-11-26-40-ingridi.jpg', 59, 'Sim'),
(63, 'Hilgnner Franswagner de Melo Santos Maciel ', '60588551288', 'mrfranswagner@gmail.com', 'ee8760b6ce3cb630647a42f0f96b7b3a', 'hilgg@12', 'Usuarios', '16-08-2022-08-58-19-Hilgnner.jpg', 60, 'Sim'),
(64, 'CYNIRA MENEZES CORREIA', '60588551287', 'cyniracorreia23@gmail.com', '4cd51e51a4225287c8bb2fa0eb4343e1', '123@mudar', 'Usuarios', '18-08-2022-13-37-27-cynira.jpeg', 61, 'Sim'),
(65, 'PAULO HENRIQUE NASCIMENTO PEREIRA', '01885172273', 'paulo2_pl@hotmail.com', '4cd51e51a4225287c8bb2fa0eb4343e1', '123@mudar', 'Usuarios', '16-08-2022-09-18-11-PAULO.jpg', 62, 'Sim'),
(66, 'Aldevan Reis Dias', '67942172287', 'casadepassagemrr@gmail.com', '4cd51e51a4225287c8bb2fa0eb4343e1', '123@mudar', 'Usuarios', '16-08-2022-09-15-23-Aldevan.jpg', 63, 'Sim'),
(67, 'Ester Ayumi Yamagute da Trindade ', '04071063246', 'esterayumi28@gmail.com', '4cd51e51a4225287c8bb2fa0eb4343e1', '123@mudar', 'Usuarios', '16-08-2022-11-11-42-Ester.jpg', 64, 'Sim'),
(68, 'Natasha Karoline pinheiro Villarroel ', '03388692203', 'natashaptrabalho@gmail.com', '4cd51e51a4225287c8bb2fa0eb4343e1', '123@mudar', 'Usuarios', '19-08-2022-11-06-48-natashav.jpg', 65, 'Sim'),
(69, 'HERBERTO DE MIRANDA ODILAIR', '32336250225', 'h.odilair@gmail.com', '4cd51e51a4225287c8bb2fa0eb4343e1', '123@mudar', 'Usuarios', '16-08-2022-11-06-21-herberto.jpg', 66, 'Sim'),
(70, 'Francineide Bezerra Pereira', '74639803249', 'francybezerrabb@gmail.com', '4cd51e51a4225287c8bb2fa0eb4343e1', '123@mudar', 'Usuarios', '16-08-2022-12-31-52-FRANCI.jpg', 67, 'Sim'),
(72, 'CARMINA JHULLY SOUSA SANTOS', '01277509247', 'carmina_jhully@hotmail.com', '4cd51e51a4225287c8bb2fa0eb4343e1', '123@mudar', 'Usuarios', '17-08-2022-13-25-56-CARMINA.jpg', 69, 'Sim'),
(73, 'ELZELITA MARIANO DOS SANTOS', '71933603291', 'marianoelzelita@gmail.com', '4cd51e51a4225287c8bb2fa0eb4343e1', '123@mudar', 'Usuarios', '18-08-2022-11-21-31-lita.jpg', 70, 'Sim'),
(74, 'Ane Serra Baú', '18865232234', 'ane_peti@yahoo.com.br', '4cd51e51a4225287c8bb2fa0eb4343e1', '123@mudar', 'Usuarios', '18-08-2022-10-27-46-aneserra.jpg', 71, 'Sim'),
(75, 'Gabriel Fortes Normanton', '34067328877', 'gabrielfnormanton@gmail.com', '4cd51e51a4225287c8bb2fa0eb4343e1', '123@mudar', 'Usuarios', '18-08-2022-11-24-44-gabrielpt.jpg', 72, 'Sim'),
(76, 'LIDIA TORREIAS', '51251256287', 'torreias@hotmail.com', '4cd51e51a4225287c8bb2fa0eb4343e1', '123@mudar', 'Usuarios', '18-08-2022-13-23-13-lidiatorreias.jpg', 73, 'Sim'),
(77, 'Lucineide Maria Rodrigues Rocha', '26088223200', 'lurocha33@yahoo.com.br', '4cd51e51a4225287c8bb2fa0eb4343e1', '123@mudar', 'Usuarios', '19-08-2022-10-51-11-lucileide.jpg', 74, 'Sim'),
(78, 'KATYANNE LEMOS DE ALMEIDA', '60697776204', 'katyannelemos@hotmail.com', '4cd51e51a4225287c8bb2fa0eb4343e1', '123@mudar', 'Usuarios', '19-08-2022-11-03-39-kaytianne.jpg', 75, 'Sim'),
(79, 'Elisabete Lopes da Costa', '42194180400', 'bete97lopes@gmail.com', '4cd51e51a4225287c8bb2fa0eb4343e1', '123@mudar', 'Usuarios', '22-08-2022-11-08-55-bete.jpg', 76, 'Sim'),
(80, 'Alessandra Nathalye', '44635800210', 'alessandranathalye@hotmail.com', '4cd51e51a4225287c8bb2fa0eb4343e1', '123@mudar', 'Usuarios', '22-08-2022-10-14-56-296282486_461599298879494_5856976261057547725_n.jpg', 77, 'Sim'),
(81, 'SEBASTIAO CORREA DE SOUZA', '63196840201', 'sebastiao_correa50@hotmail.com', 'c0a5ce753ef70f6ef7ee370b35dab1dd', '150352', 'Usuarios', '23-08-2022-14-48-14-sebastiao.jpg', 78, 'Sim'),
(82, 'DENILSON ALMEIDA DE SOUZA', '63196840204', 'chpdeni@hotmail.com', '4cd51e51a4225287c8bb2fa0eb4343e1', '123@mudar', 'Usuarios', '22-08-2022-10-54-13-denilson.jpg', 79, 'Sim'),
(83, 'Sara Ribeiro Machado', '03525197209', 'sr4289197@gmail.com', '4cd51e51a4225287c8bb2fa0eb4343e1', '123@mudar', 'Usuarios', '22-08-2022-10-37-45-sara.jpg', 80, 'Sim'),
(84, 'Silvia Reis Gomes da Silva', '22551042291', 'silviareis.roraima@yahoo.com.br', '4cd51e51a4225287c8bb2fa0eb4343e1', '123@mudar', 'Usuarios', '22-08-2022-11-03-57-caxias.jpg', 81, 'Sim'),
(85, 'Célia Maria Grande da Silva ', '67249566253', 'celia.grande1978@hotmail.com', '4cd51e51a4225287c8bb2fa0eb4343e1', '123@mudar', 'Usuarios', '22-08-2022-11-07-30-celiatransporte.jpg', 82, 'Sim'),
(86, 'Vivyanne Pimentel de Oliveira ', '88230333220', 'pimentelv64@gmail.com', '4cd51e51a4225287c8bb2fa0eb4343e1', '123@mudar', 'Usuarios', '22-08-2022-12-33-05-viviany.jpg', 83, 'Sim'),
(87, 'RODRIGO CAVALCANTE', '03019235235', 'damota945@gmail.com', '4cd51e51a4225287c8bb2fa0eb4343e1', '123@mudar', 'Usuarios', '23-08-2022-08-26-19-WhatsApp-Image-2022-08-23-at-08.21.56.jpeg', 84, 'Sim'),
(88, 'Edmara Filgueiras ', '85143243220', 'edmarafilgueiras@gmail.com', '4cd51e51a4225287c8bb2fa0eb4343e1', '123@mudar', 'Usuarios', '23-08-2022-14-44-22-edmara.jpg', 85, 'Sim'),
(89, 'Ana Jéssyca de Souza Mendes', '02102543277', 'anajessyca_@hotmail.com', '4cd51e51a4225287c8bb2fa0eb4343e1', '123@mudar', 'Usuarios', '23-08-2022-14-42-30-anajessica.jpg', 86, 'Sim'),
(90, 'Jozianha Albuquerque de Souza', '51268914215', 'jozi_anha@hotmail.com', '4cd51e51a4225287c8bb2fa0eb4343e1', '123@mudar', 'Usuarios', '23-08-2022-14-40-30-jozi.jpg', 87, 'Sim'),
(91, 'Priscila Amazonas R.Soares', '72524251268', 'priscilaamazonasr@gmail.com', '4cd51e51a4225287c8bb2fa0eb4343e1', '123@mudar', 'Usuarios', '24-08-2022-08-57-45-priscilaamazonas.jpg', 88, 'Sim'),
(92, 'Fábio Luiz Cavalcante Ferreira', '67036295287', 'fabioluiz.rr@gmail.com', '4cd51e51a4225287c8bb2fa0eb4343e1', '123@mudar', 'Usuarios', '24-08-2022-13-41-18-fabiomoto.jpg', 89, 'Sim'),
(93, 'Juliana de Oliveira Lobo', '82272344291', 'julianalobooliveira@gmail.com', '4cd51e51a4225287c8bb2fa0eb4343e1', '123@mudar', 'Usuarios', '24-08-2022-13-03-21-julianalobo.jpg', 90, 'Sim'),
(94, 'Sebastiana Silva do Nascimento', '14972999268', 'sebastiana.10@outlook.com', '4cd51e51a4225287c8bb2fa0eb4343e1', '123@mudar', 'Usuarios', '24-08-2022-13-01-51-sebastiana.jpg', 91, 'Sim'),
(95, 'Norbelha Picanço', '13447203234', 'belpincaco@hotmail.com', 'dd8eceb7ce3f681976a7a9d021988cca', 'Bb1961@', 'Usuarios', '25-08-2022-11-09-40-bell.jpg', 92, 'Sim'),
(96, 'Adler Figueiredo Pereira Filho', '02538867240', 'adler.filho@setrabes.rr.gov.br', '4cd51e51a4225287c8bb2fa0eb4343e1', '123@mudar', 'Usuarios', '26-08-2022-11-34-18-alder.jpg', 93, 'Sim'),
(97, 'MARIA NEUMA CARDOSO NASCIMENTO', '83100903315', 'neumacardoso4@gmail.com', '4cd51e51a4225287c8bb2fa0eb4343e1', '123@mudar', 'Usuarios', '31-08-2022-10-08-59-neuma.jpg', 94, 'Sim'),
(98, 'Alessandra Ribeiro Bezerra ', '00266618294', 'alebezerra1989@gmail.com', '4cd51e51a4225287c8bb2fa0eb4343e1', '123@mudar', 'Usuarios', '29-12-2022-12-15-16-ALESANDRARIBEIRO.jpg', 95, 'Sim'),
(99, 'WALTER ARAUJO SILVA', '96975687234', 'walter.swat@gmail.com', '4cd51e51a4225287c8bb2fa0eb4343e1', '123@mudar', 'Usuarios', '05-09-2022-12-12-04-wakter.jpg', 96, 'Sim'),
(100, 'Berenice oliveira Costa', '38303361287', 'berenice.rr@hotmail.com', '4cd51e51a4225287c8bb2fa0eb4343e1', '123@mudar', 'Usuarios', '08-09-2022-10-18-06-302311587_208731621509353_6233466803334053155_n.jpg', 97, 'Sim'),
(102, 'PAULA LOPES BARROSO', '44733550200', 'paulalopesrr@gmail.com', '4cd51e51a4225287c8bb2fa0eb4343e1', '123@mudar', 'Usuarios', '15-09-2022-09-46-53-paulalopes.jpg', 99, 'Sim'),
(103, 'NARRILA MORO', '01217386203', 'narrilamoro@hotmail.com', 'a913df5191b203afa9e9d5c05bbda75a', '153624', 'Usuarios', '12-09-2022-08-43-33-WhatsApp-Image-2022-09-12-at-08.42.28.jpeg', 100, 'Sim'),
(104, 'BEATRIZ DIAS COSTA', '03589043237', 'beatrizdiascosta111@gmail.com', '64c31821603ab476a318839606743bd6', '2803', 'Usuarios', '15-09-2022-09-43-05-beatriz.jpeg', 101, 'Sim'),
(105, 'GEDEAO DA COSTA SOUZA', '26903911200', 'gedeaoinvestimento@gmail.com', '4cd51e51a4225287c8bb2fa0eb4343e1', '123@mudar', 'Usuarios', '15-09-2022-09-41-01-gedeao.jpg', 102, 'Sim'),
(106, 'Mirian dos Reis Melo', '34842403268', 'mirianmelo7313@gmail.com', '4cd51e51a4225287c8bb2fa0eb4343e1', '123@mudar', 'Usuarios', '16-09-2022-11-19-59-miriam.jpg', 103, 'Sim'),
(107, 'Thays Phernanda Santos de Santana ', '00404163211', 'phernanda.santana@gmail.com', '4cd51e51a4225287c8bb2fa0eb4343e1', '123@mudar', 'Usuarios', '04-10-2022-15-11-37-Phernanda.jpg', 104, 'Sim'),
(108, 'Maria Tays Bento Silva Gomes', '03517693235', 'taysgomes113456789@gmail.com', '4cd51e51a4225287c8bb2fa0eb4343e1', '123@mudar', 'Usuarios', '04-10-2022-15-04-45-THAYS.jpg', 105, 'Sim'),
(109, 'Honso Williams Nascimento Cavalcante ', '38329123200', 'honsowill1975@gmail.com', '4cd51e51a4225287c8bb2fa0eb4343e1', '123@mudar', 'Usuarios', '04-10-2022-15-00-36-HONSO.jpg', 106, 'Sim'),
(110, 'Kaique Nahan de Souza Cruz Lima', '01690926236', 'kiqnop@gmail.com', '4cd51e51a4225287c8bb2fa0eb4343e1', '123@mudar', 'Usuarios', '04-10-2022-14-57-51-KAIQUE.jpg', 107, 'Sim'),
(111, 'Lucas dias ferreira', '03070912281', 'lucas.prf16@gmail.com', '4cd51e51a4225287c8bb2fa0eb4343e1', '123@mudar', 'Usuarios', '18-11-2022-12-39-49-LUCAS.jpg', 108, 'Sim'),
(112, 'Nayara silva coutinho ', '01860118224', 'nayara.coutinhorr@gmail.com', '4cd51e51a4225287c8bb2fa0eb4343e1', '123@mudar', 'Usuarios', '04-10-2022-14-54-22-NAYARA.jpg', 109, 'Sim'),
(113, 'Rykaelly ohanna Vasconcelos do Nascimento ', '02179138229', 'ohannavasconcelos25@gmail.com', '4cd51e51a4225287c8bb2fa0eb4343e1', '123@mudar', 'Usuarios', '25-10-2022-09-51-22-rykaely.jpg', 110, 'Sim'),
(114, 'ELINALDO LEONEL DA GAMA', '41410092291', 'elinaldo.gama@setrabes.rr.gov.br', '4cd51e51a4225287c8bb2fa0eb4343e1', '123@mudar', 'Usuarios', '13-10-2022-09-17-52-elinaldo.jpg', 111, 'Sim'),
(115, 'CARLOS ALVES SCHRAMM JUNIOR', '77792092291', 'cas_jr@hotmail.com', '4cd51e51a4225287c8bb2fa0eb4343e1', '123@mudar', 'Usuarios', '25-10-2022-09-49-30-carlos.jpg', 112, 'Sim'),
(117, 'ALDA PEIXOTO', '52405559234', 'cppm.setrabes.rr@gmail.com', '4cd51e51a4225287c8bb2fa0eb4343e1', '123@mudar', 'Usuarios', '25-10-2022-09-46-28-alda.jpg', 114, 'Sim'),
(118, 'AlCINEIA ARAUJO CAVALCANTE', '00916626210', 'alcineiaaraujo2016@gmail.com', '4b3c0602868a1d639937c63aed379355', 'NEIA2304', 'Usuarios', '25-10-2022-09-43-26-alcineia.jpg', 115, 'Sim'),
(119, 'Taiwana Carine Rodrigues Gomes', '00916626211', 'carinetaiwana@gmail.com', '4cd51e51a4225287c8bb2fa0eb4343e1', '123@mudar', 'Usuarios', '19-10-2022-10-17-52-tawaine.jpg', 116, 'Sim'),
(120, 'Zélia Moreira Almeida', '20439288304', 'zeliamoreira1@hotmail.com', '4cd51e51a4225287c8bb2fa0eb4343e1', '123@mudar', 'Usuarios', '21-10-2022-11-24-17-zelia.jpg', 117, 'Sim'),
(121, 'LETICIA DA CRUZ MARINHO', '06026308270', 'leticiamarinho194@gmail.com', '4cd51e51a4225287c8bb2fa0eb4343e1', '123@mudar', 'Usuarios', '21-10-2022-11-31-34-leticia.jpg', 118, 'Sim'),
(122, 'IDERLENE DOS SANTOS PEREIRA', '44718950287', 'iderlenesp@hotmail.com', '4cd51e51a4225287c8bb2fa0eb4343e1', '123@mudar', 'Usuarios', '25-10-2022-09-27-52-IDERLENE.jpg', 119, 'Sim'),
(123, 'LYARA KARINE PADILHA ALMEIDA', '05199877216', 'lyaraalmeida1@gmail.com', 'd2c73feb271f0b2c0498f8f73caa5286', '13191230', 'Usuarios', '31-10-2022-08-47-22-301399124_1369941536871217_3178263510756368414_n.jpg', 120, 'Sim'),
(124, 'Sandra Souza da Silva', '72980400220', 'souzadasilvasandra@yahoo.com.br', '4cd51e51a4225287c8bb2fa0eb4343e1', '123@mudar', 'Usuarios', '25-10-2022-09-41-50-sandra.jpg', 121, 'Sim'),
(125, 'Gleiciane matos da silva', '97763195215', 'casalar1bv@hotmail.com', '4cd51e51a4225287c8bb2fa0eb4343e1', '123@mudar', 'Usuarios', 'sem-perfil.jpg', 122, 'Não'),
(126, 'Alayde Sampaio', '00752554301', 'alaydsampaio@hotmail.com', '4cd51e51a4225287c8bb2fa0eb4343e1', '123@mudar', 'Usuarios', '16-11-2022-10-41-02-ALAYDE.jpg', 123, 'Sim'),
(127, 'WARNER LUCAS BARBOSA DE OLIVEIRA', '01300256230', 'warnerlucasdeoliveira@gmail.com', 'b652feff6f5e8db5021439e69bfd5f14', 'Wl2911##', 'Usuarios', '15-12-2022-13-45-51-warne.jpg', 124, 'Sim'),
(128, 'Marcio da Silva Conceição', '527.989.172-04', 'dblack_mc@hotmail.com', 'f2913e2e8618f85fad22346987f3efa2', 'Lis@011903', 'Técnico', '01-02-2023-15-00-50-andrios.jpg', 125, 'Sim'),
(129, 'Dircilene de Souza Maia', '22545336220', 'dircemaia71@gmail.com', '4cd51e51a4225287c8bb2fa0eb4343e1', '123@mudar', 'Usuarios', '11-11-2022-12-10-06-dirce.jpg', 126, 'Sim'),
(130, 'RHAYANE COUTINHO RIBEIRO ', '01579476295', 'rhayanecoutinho@hotmail.com', 'edc07fea16fe1efae9a5053d313da4ea', '129476', 'Usuarios', '11-11-2022-12-17-50-RHAYANE.jpeg', 127, 'Sim'),
(131, 'Paulo Roberto Alves Freire Junior', '38211416204', 'betofreire84@gmail.com', '4cd51e51a4225287c8bb2fa0eb4343e1', '123@mudar', 'Usuarios', '21-11-2022-10-22-01-IMG_20220830_171533.jpg', 128, 'Sim'),
(132, 'THIAGO VIANA DE SOUZA', '96136804204', 'thiagoviana2k9@gmail.com', '4cd51e51a4225287c8bb2fa0eb4343e1', '123@mudar', 'Usuarios', '17-11-2022-15-45-22-thiago.jpg', 129, 'Sim'),
(133, 'MARLENE MORAIS RIBEIRO', '50853163200', 'lenenee16@gmail.com', 'dbc0942e696222e550149579ea5ee0c2', 'BABY1997', 'Usuarios', '15-12-2022-13-41-01-marlene.png', 130, 'Sim'),
(134, 'ZILLNY MARA', '00104929251', 'zillnyborges@gmail.com', '4cd51e51a4225287c8bb2fa0eb4343e1', '123@mudar', 'Usuarios', '30-11-2022-13-37-50-ZILLNY.jpg', 131, 'Sim'),
(135, 'Jocélia Maria Silva de Aguiar', '38200678253', 'adm.jocelia.aguiar@gmail.com', '4cd51e51a4225287c8bb2fa0eb4343e1', '123@mudar', 'Usuarios', '30-11-2022-14-37-11-JOCELIA.jpg', 132, 'Sim'),
(136, 'RITA DE CASSIA BEZERRA DA SILVA', '68453167249', 'nof.setrabes@gmail.com', '4cd51e51a4225287c8bb2fa0eb4343e1', '123@mudar', 'Usuarios', '29-12-2022-11-55-44-rita_nof.jpg', 133, 'Sim'),
(137, 'Daniel Otavio da Silva ', '97603619220', 'danielotaviorr@gmail.com', '4cd51e51a4225287c8bb2fa0eb4343e1', '123@mudar', 'Usuarios', '29-12-2022-11-56-36-daniel.jpg', 134, 'Sim'),
(138, 'FRANCILENE SANTOS BARROS', '58992758200', 'franci3.barros@gmail.com', '4cd51e51a4225287c8bb2fa0eb4343e1', '123@mudar', 'Usuarios', '02-01-2023-14-32-20-francilene.jpg', 135, 'Sim'),
(139, 'JOÃO VITOR PEREIRA', '02201047278', 'joaoterranobre@gmail.com', '4cd51e51a4225287c8bb2fa0eb4343e1', '123@mudar', 'Usuarios', 'sem-perfil.jpg', 136, 'Sim'),
(140, 'ELECILDA GOVEIA DE ALMEIDA', '00256010242', 'casalar1bv@gmail.com', '4cd51e51a4225287c8bb2fa0eb4343e1', '123@mudar', 'Usuarios', '18-01-2023-16-26-27-ELECILDA.jpg', 137, 'Sim'),
(141, 'SUELLEN JANE TAVARES CAVALCANTE', '97219932200', 'Sutavares.jane@gmail.com', '4cd51e51a4225287c8bb2fa0eb4343e1', '123@mudar', 'Usuarios', '18-01-2023-16-44-45-suelen.jpg', 138, 'Sim'),
(142, 'Brenda Emyly Parente', '03319699202', 'brendaemyly35@gmail.com', '4cd51e51a4225287c8bb2fa0eb4343e1', '123@mudar', 'Usuarios', '18-01-2023-16-23-50-brenda.jpg', 139, 'Sim'),
(143, 'FERNANDA SOUZA MONTEIRO', '70051926210', 'fernanda.monteiro@setrabes.rr.gov.br', '4cd51e51a4225287c8bb2fa0eb4343e1', '123@mudar', 'Usuarios', '18-01-2023-16-22-09-fernanda.jpg', 140, 'Não'),
(144, 'Andrios Macedo', '66330475253', 'macedorr@gmail.com', '4cd51e51a4225287c8bb2fa0eb4343e1', '123@mudar', 'Usuarios', '19-01-2023-09-05-01-andrios.jpg', 141, 'Sim'),
(145, 'Francivaldo Galvão Soares Junior ', '71937706249', 'junior_soarescq@hotmail.com', '4cd51e51a4225287c8bb2fa0eb4343e1', '123@mudar', 'Usuarios', '18-01-2023-16-18-18-Francivaldo.jpg', 142, 'Sim'),
(146, 'Felipe Costa da Silva', '00922107246', 'felipe.silvanutri@gmail.com', '4cd51e51a4225287c8bb2fa0eb4343e1', '123@mudar', 'Usuarios', 'sem-perfil.jpg', 143, 'Sim'),
(147, 'rosilene ferreira', '64677265291', 'rosibvrr@hotmail.com', '4cd51e51a4225287c8bb2fa0eb4343e1', '123@mudar', 'Usuarios', '19-01-2023-08-02-47-rosilene.jpg', 144, 'Sim'),
(148, 'NILVA CRISTINA DE OLIVEIRA', '185.326.788-07', 'nilva.cristina@gmail.com', '4cd51e51a4225287c8bb2fa0eb4343e1', '123@mudar', 'Usuarios', '19-01-2023-10-50-05-WhatsApp-Image-2023-01-18-at-11.56.23-(1).jpeg', 145, 'Sim'),
(149, 'Lais Fernanda Alves Duarte', '04410418254', 'laisfernanda174@gmail.com', '4cd51e51a4225287c8bb2fa0eb4343e1', '123@mudar', 'Usuarios', '19-01-2023-11-19-12-lais.jpeg', 146, 'Sim'),
(150, 'Marcos Kenedy de Souza Pontes', '08570598238', 'emicimark@gmail.com', '4cd51e51a4225287c8bb2fa0eb4343e1', '123@mudar', 'Usuarios', '19-01-2023-08-52-15-kenedy.jpg', 147, 'Sim'),
(151, 'LEONI ROSANGELA SCHUH', '93100850025', 'leonirosangela_rr@hotmail.com', '4cd51e51a4225287c8bb2fa0eb4343e1', '123@mudar', 'Usuarios', 'sem-perfil.jpg', 148, 'Não'),
(152, 'Elane Mendonça Sousa ', '01490264205', 'elanemendonca131@gmail.com', '4cd51e51a4225287c8bb2fa0eb4343e1', '123@mudar', 'Usuarios', '19-01-2023-11-44-53-ELANE.jpg', 149, 'Sim'),
(153, 'Guilherme Carvalho', '00631057218', 'gui.araujocarvalho@hotmail.com', '4cd51e51a4225287c8bb2fa0eb4343e1', '123@mudar', 'Usuarios', 'sem-perfil.jpg', 150, 'Não'),
(154, 'MARIA DO CARMO PALMELA TRAJANO', '41758846291', 'mtrajano8@gmail.com', '4cd51e51a4225287c8bb2fa0eb4343e1', '123@mudar', 'Usuarios', '30-01-2023-08-17-09-mariapalmeira.jpg', 151, 'Sim'),
(155, 'Lindinês da Costa Melo', '03088655299', 'lindamello.rr@gmail.com', '4cd51e51a4225287c8bb2fa0eb4343e1', '123@mudar', 'Usuarios', '30-01-2023-08-23-44-lindines.jpg', 152, 'Sim'),
(156, 'Jonas Brandão ', '70216412226', 'terabyte18@outlook.com', '4cd51e51a4225287c8bb2fa0eb4343e1', '123@mudar', 'Usuarios', 'sem-perfil.jpg', 153, 'Sim'),
(157, 'Ana Maria Mota Oliveira Scalabrin ', '70233780491', 'coederr@gmail.com', '4cd51e51a4225287c8bb2fa0eb4343e1', '123@mudar', 'Usuarios', 'sem-perfil.jpg', 154, 'Sim'),
(158, 'MARIA DO SOCORRO DANTAS DO NASCIMENTO', '37621815434', 'mariaab843@gmail.com', '4cd51e51a4225287c8bb2fa0eb4343e1', '123@mudar', 'Usuarios', '30-01-2023-08-07-11-mariasocorro.jpg', 155, 'Sim'),
(159, 'Scarlet Soares Alves', '006.385.162-85', 'scarletsoares86@gmail.com', '0edf1d64cf0b83390d3a6f0ff762ac60', '642678@', 'Usuarios', 'sem-perfil.jpg', 156, 'Sim'),
(160, 'Kalyka pinho Peixoto ', '01563589214', 'kkpinhopeixoto@gmail.com', '4cd51e51a4225287c8bb2fa0eb4343e1', '123@mudar', 'Usuarios', 'sem-perfil.jpg', 157, 'Não'),
(161, 'Tatiana Andrea batista mendonca ', '57521409353', 'tatianaandrea416@gmail.com', '4cd51e51a4225287c8bb2fa0eb4343e1', '123@mudar', 'Usuarios', 'sem-perfil.jpg', 158, 'Não'),
(162, 'Sulamita Rebouças Bento ', '52771792249', 'sulamitar.bento@gmail.com', '4cd51e51a4225287c8bb2fa0eb4343e1', '123@mudar', 'Usuarios', 'sem-perfil.jpg', 159, 'Não'),
(163, 'JESSICA VANESSA SABINO DA COSTA', '00738756270', 'vanessa.sabino.jc@gmail.com', '4cd51e51a4225287c8bb2fa0eb4343e1', '123@mudar', 'Usuarios', 'sem-perfil.jpg', 160, 'Sim');

--
-- Índices para tabelas despejadas
--

--
-- Índices de tabela `arquivos`
--
ALTER TABLE `arquivos`
  ADD PRIMARY KEY (`id`);

--
-- Índices de tabela `bairros`
--
ALTER TABLE `bairros`
  ADD PRIMARY KEY (`id`);

--
-- Índices de tabela `cargos`
--
ALTER TABLE `cargos`
  ADD PRIMARY KEY (`id`);

--
-- Índices de tabela `cidades`
--
ALTER TABLE `cidades`
  ADD PRIMARY KEY (`id`);

--
-- Índices de tabela `funcionarios`
--
ALTER TABLE `funcionarios`
  ADD PRIMARY KEY (`id`);

--
-- Índices de tabela `logs`
--
ALTER TABLE `logs`
  ADD PRIMARY KEY (`id`);

--
-- Índices de tabela `redesocial`
--
ALTER TABLE `redesocial`
  ADD PRIMARY KEY (`id`);

--
-- Índices de tabela `setor`
--
ALTER TABLE `setor`
  ADD PRIMARY KEY (`id`);

--
-- Índices de tabela `solicitacao`
--
ALTER TABLE `solicitacao`
  ADD PRIMARY KEY (`id`);

--
-- Índices de tabela `tarefas`
--
ALTER TABLE `tarefas`
  ADD PRIMARY KEY (`id`);

--
-- Índices de tabela `usuarios`
--
ALTER TABLE `usuarios`
  ADD PRIMARY KEY (`id`);

--
-- AUTO_INCREMENT para tabelas despejadas
--

--
-- AUTO_INCREMENT de tabela `arquivos`
--
ALTER TABLE `arquivos`
  MODIFY `id` int(11) NOT NULL AUTO_INCREMENT;

--
-- AUTO_INCREMENT de tabela `bairros`
--
ALTER TABLE `bairros`
  MODIFY `id` int(11) NOT NULL AUTO_INCREMENT, AUTO_INCREMENT=68;

--
-- AUTO_INCREMENT de tabela `cargos`
--
ALTER TABLE `cargos`
  MODIFY `id` int(11) NOT NULL AUTO_INCREMENT, AUTO_INCREMENT=7;

--
-- AUTO_INCREMENT de tabela `cidades`
--
ALTER TABLE `cidades`
  MODIFY `id` int(11) NOT NULL AUTO_INCREMENT, AUTO_INCREMENT=16;

--
-- AUTO_INCREMENT de tabela `funcionarios`
--
ALTER TABLE `funcionarios`
  MODIFY `id` int(11) NOT NULL AUTO_INCREMENT, AUTO_INCREMENT=166;

--
-- AUTO_INCREMENT de tabela `logs`
--
ALTER TABLE `logs`
  MODIFY `id` int(11) NOT NULL AUTO_INCREMENT, AUTO_INCREMENT=2137;

--
-- AUTO_INCREMENT de tabela `redesocial`
--
ALTER TABLE `redesocial`
  MODIFY `id` int(11) NOT NULL AUTO_INCREMENT, AUTO_INCREMENT=6;

--
-- AUTO_INCREMENT de tabela `setor`
--
ALTER TABLE `setor`
  MODIFY `id` int(11) NOT NULL AUTO_INCREMENT, AUTO_INCREMENT=46;

--
-- AUTO_INCREMENT de tabela `solicitacao`
--
ALTER TABLE `solicitacao`
  MODIFY `id` int(11) NOT NULL AUTO_INCREMENT, AUTO_INCREMENT=536;

--
-- AUTO_INCREMENT de tabela `tarefas`
--
ALTER TABLE `tarefas`
  MODIFY `id` int(11) NOT NULL AUTO_INCREMENT;

--
-- AUTO_INCREMENT de tabela `usuarios`
--
ALTER TABLE `usuarios`
  MODIFY `id` int(11) NOT NULL AUTO_INCREMENT, AUTO_INCREMENT=169;
COMMIT;

/*!40101 SET CHARACTER_SET_CLIENT=@OLD_CHARACTER_SET_CLIENT */;
/*!40101 SET CHARACTER_SET_RESULTS=@OLD_CHARACTER_SET_RESULTS */;
/*!40101 SET COLLATION_CONNECTION=@OLD_COLLATION_CONNECTION */;
